Model,model,model_name,model_type,index,Feature set,feature_set,Region,region,region_display,split,evaluation_type,is_primary,score_transform,test_universe,test_period,available_months,available_days,support,weighted_support,positives,observed_prevalence,mean_normalized_score,average_precision,roc_auc,max_f1,precision_at_max_f1,recall_at_max_f1,threshold_at_max_f1,predicted_positive_grid_cells_at_max_f1,raw_score_min,raw_score_max,raw_score_mean,raw_threshold_at_max_f1,observed_prevalence_error,average_precision_error,roc_auc_error,max_f1_error
FWI buinfdr,FWI buinfdr,FWI buinfdr,Fire weather index,buinfdr,FWI GRIB index,FWI GRIB index,Global,global,Global,test,fire_weather_index_full_grid_ranking,False,minmax_per_index_evaluation_rows,land_or_burnable,2023-03-01 to 2024-10-31 (available FWI dates only),"2023-03,2023-04,2023-05,2023-06,2023-07,2023-08,2023-09,2023-10,2024-03,2024-04,2024-05,2024-06,2024-07,2024-08,2024-09,2024-10",490,706071,138711389.9549513,12578.0,9.067748512998756e-05,0.0460001542377688,0.0007830344634134,0.8779011936733454,0.0024468409853695,0.0012338643487589,0.1445380823660359,0.3653846153846153,1473419.66872504,0.0,52.0,2.561522849685088,19.0,1.172069793854822e-12,3.638123692849938e-05,0.0046955103833501,0.000725179796035
FWI buinfdr,FWI buinfdr,FWI buinfdr,Fire weather index,buinfdr,FWI GRIB index,FWI GRIB index,Eastern Siberia,eastern_siberia,Eastern Siberia,test,fire_weather_index_full_grid_ranking,False,minmax_per_index_evaluation_rows,land_or_burnable,2023-03-01 to 2024-10-31 (available FWI dates only),"2023-03,2023-04,2023-05,2023-06,2023-07,2023-08,2023-09,2023-10,2024-03,2024-04,2024-05,2024-06,2024-07,2024-08,2024-09,2024-10",490,241180,46942770.29058654,6499.0,0.0001384451739803,0.0478169121643374,0.0012693896211466,0.870458039071287,0.0048950357944254,0.0025067655384048,0.1035543929835359,0.3846153846153846,268473.4530171681,0.0,52.0,2.561522849685088,20.0,3.1035859937448067e-12,0.0006598727799116,0.0045478605030865,0.0003043123804056
FWI buinfdr,FWI buinfdr,FWI buinfdr,Fire weather index,buinfdr,FWI GRIB index,FWI GRIB index,Far East,far_east,Far East,test,fire_weather_index_full_grid_ranking,False,minmax_per_index_evaluation_rows,land_or_burnable,2023-03-01 to 2024-10-31 (available FWI dates only),"2023-03,2023-04,2023-05,2023-06,2023-07,2023-08,2023-09,2023-10,2024-03,2024-04,2024-05,2024-06,2024-07,2024-08,2024-09,2024-10",490,25710,5039721.539219677,514.0,0.0001019897619342,0.0478864481601671,0.0008352987914724,0.814351603440796,0.0060002951018413,0.0032651535743252,0.036964980544747,0.5384615384615384,5819.021852264976,0.0,52.0,2.561522849685088,28.0,2.4676794610321376e-12,0.000163784836232,0.0112880446886663,0.0028186151394112
FWI buinfdr,FWI buinfdr,FWI buinfdr,Fire weather index,buinfdr,FWI GRIB index,FWI GRIB index,Central Asia,central_asia,Central Asia,test,fire_weather_index_full_grid_ranking,False,minmax_per_index_evaluation_rows,land_or_burnable,2023-03-01 to 2024-10-31 (available FWI dates only),"2023-03,2023-04,2023-05,2023-06,2023-07,2023-08,2023-09,2023-10,2024-03,2024-04,2024-05,2024-06,2024-07,2024-08,2024-09,2024-10",490,38515,7664803.735165268,192.0,2.504956508137649e-05,0.0724011899792652,0.0001372912682333,0.8346082644862146,0.0005887547737953,0.0003029384982749,0.0104166666666666,0.6538461538461539,6602.0001135182965,0.0,52.0,2.561522849685088,34.0,4.910629602669557e-13,3.1547779488293026e-05,0.034460328459371,0.0003019323423823
FWI buinfdr,FWI buinfdr,FWI buinfdr,Fire weather index,buinfdr,FWI GRIB index,FWI GRIB index,Europe,europe,Europe,test,fire_weather_index_full_grid_ranking,False,minmax_per_index_evaluation_rows,land_or_burnable,2023-03-01 to 2024-10-31 (available FWI dates only),"2023-03,2023-04,2023-05,2023-06,2023-07,2023-08,2023-09,2023-10,2024-03,2024-04,2024-05,2024-06,2024-07,2024-08,2024-09,2024-10",490,102693,20464801.76167879,371.0,1.8128687700982928e-05,0.0703129806799476,0.0001392225622232,0.8365165309634137,0.0012524593420345,0.0006477278708244,0.0188679245283018,0.6538461538461539,10807.007564906167,0.0,52.0,2.561522849685088,34.0,4.5289378381163544e-13,3.963619102690512e-05,0.017484759950517,0.0005904015558887
FWI drtcode,FWI drtcode,FWI drtcode,Fire weather index,drtcode,FWI GRIB index,FWI GRIB index,Global,global,Global,test,fire_weather_index_full_grid_ranking,False,minmax_per_index_evaluation_rows,land_or_burnable,2022-01-01 to 2025-10-02 (available FWI dates only),"2022-01,2022-02,2022-03,2022-04,2022-05,2022-06,2022-07,2022-08,2022-09,2022-10,2022-11,2022-12,2023-03,2023-04,2023-05,2023-06,2023-07,2023-08,2023-09,2023-10,2024-03,2024-04,2024-05,2024-06,2024-07,2024-08,2024-09,2024-10,2025-01,2025-02,2025-03,2025-04,2025-05,2025-06,2025-07,2025-08,2025-09,2025-10",1130,1618034,319865630.1212056,18798.0,5.876842720762758e-05,0.1320852497553973,0.0002912819512899,0.815043325667798,0.0010275313973898,0.0005149532102593,0.2227896584743058,0.3761198947322926,8132777.7292446755,0.0,1858.449951171875,248.48351677542573,699.0,3.4177758317576468e-12,2.15512435498392e-05,0.005757272973336,8.242611118653195e-05
FWI drtcode,FWI drtcode,FWI drtcode,Fire weather index,drtcode,FWI GRIB index,FWI GRIB index,Eastern Siberia,eastern_siberia,Eastern Siberia,test,fire_weather_index_full_grid_ranking,False,minmax_per_index_evaluation_rows,land_or_burnable,2022-01-01 to 2025-10-02 (available FWI dates only),"2022-01,2022-02,2022-03,2022-04,2022-05,2022-06,2022-07,2022-08,2022-09,2022-10,2022-11,2022-12,2023-03,2023-04,2023-05,2023-06,2023-07,2023-08,2023-09,2023-10,2024-03,2024-04,2024-05,2024-06,2024-07,2024-08,2024-09,2024-10,2025-01,2025-02,2025-03,2025-04,2025-05,2025-06,2025-07,2025-08,2025-09,2025-10",1130,550908,108239035.2723858,9761.0,9.018003509950212e-05,0.1427722913526864,0.0008579054343282,0.8323589311381285,0.0033664081502328,0.0017092302420078,0.1105419526687839,0.4232021419269644,631278.3225345339,0.0,1858.449951171875,248.48351677542573,786.5,3.769397174247852e-12,8.582200557833135e-05,0.0048977338756874,0.0004146005618111
FWI drtcode,FWI drtcode,FWI drtcode,Fire weather index,drtcode,FWI GRIB index,FWI GRIB index,Far East,far_east,Far East,test,fire_weather_index_full_grid_ranking,False,minmax_per_index_evaluation_rows,land_or_burnable,2022-01-01 to 2025-10-02 (available FWI dates only),"2022-01,2022-02,2022-03,2022-04,2022-05,2022-06,2022-07,2022-08,2022-09,2022-10,2022-11,2022-12,2023-03,2023-04,2023-05,2023-06,2023-07,2023-08,2023-09,2023-10,2024-03,2024-04,2024-05,2024-06,2024-07,2024-08,2024-09,2024-10,2025-01,2025-02,2025-03,2025-04,2025-05,2025-06,2025-07,2025-08,2025-09,2025-10",1130,59231,11689772.229738278,786.0,6.723826474569365e-05,0.0396536867729439,0.0001634019476321,0.7192591676665788,0.0008666813409402,0.0004368005960993,0.05470737913486,0.1863111781846299,98443.08909830316,0.0,1858.449951171875,248.48351677542573,346.25,2.2428668330869764e-12,1.0632578412554245e-05,0.0080522332485787,0.0001193708891529
FWI drtcode,FWI drtcode,FWI drtcode,Fire weather index,drtcode,FWI GRIB index,FWI GRIB index,Central Asia,central_asia,Central Asia,test,fire_weather_index_full_grid_ranking,False,minmax_per_index_evaluation_rows,land_or_burnable,2022-01-01 to 2025-10-02 (available FWI dates only),"2022-01,2022-02,2022-03,2022-04,2022-05,2022-06,2022-07,2022-08,2022-09,2022-10,2022-11,2022-12,2023-03,2023-04,2023-05,2023-06,2023-07,2023-08,2023-09,2023-10,2024-03,2024-04,2024-05,2024-06,2024-07,2024-08,2024-09,2024-10,2025-01,2025-02,2025-03,2025-04,2025-05,2025-06,2025-07,2025-08,2025-09,2025-10",1130,88702,17636303.35965152,523.0,2.9654740527798117e-05,0.1821604877891986,8.26306304990853e-05,0.7368157500868284,0.000484966533039,0.0002777009539226,0.0019120458891013,0.9389545297680266,3600.9959125979176,0.0,1858.449951171875,248.48351677542573,1745.0,1.659109417973651e-12,9.172888844124372e-06,0.0203033369295614,0.0006525880013678
FWI drtcode,FWI drtcode,FWI drtcode,Fire weather index,drtcode,FWI GRIB index,FWI GRIB index,Europe,europe,Europe,test,fire_weather_index_full_grid_ranking,False,minmax_per_index_evaluation_rows,land_or_burnable,2022-01-01 to 2025-10-02 (available FWI dates only),"2022-01,2022-02,2022-03,2022-04,2022-05,2022-06,2022-07,2022-08,2022-09,2022-10,2022-11,2022-12,2023-03,2023-04,2023-05,2023-06,2023-07,2023-08,2023-09,2023-10,2024-03,2024-04,2024-05,2024-06,2024-07,2024-08,2024-09,2024-10,2025-01,2025-02,2025-03,2025-04,2025-05,2025-06,2025-07,2025-08,2025-09,2025-10",1130,236121,47054398.5144033,853.0,1.812795460001253e-05,0.1305443715016635,8.15501005673631e-05,0.8221740850134476,0.0004490349877383,0.0002777009539226,0.0011723329425556,0.9389545297680266,3600.9959125979176,0.0,1858.449951171875,248.48351677542573,1745.0,7.400361344823325e-13,1.1990256951977706e-05,0.0190771284716228,0.0022258074040221
FWI drtmrk,FWI drtmrk,FWI drtmrk,Fire weather index,drtmrk,FWI GRIB index,FWI GRIB index,Global,global,Global,test,fire_weather_index_full_grid_ranking,False,minmax_per_index_evaluation_rows,land_or_burnable,2023-03-01 to 2024-10-31 (available FWI dates only),"2023-03,2023-04,2023-05,2023-06,2023-07,2023-08,2023-09,2023-10,2024-03,2024-04,2024-05,2024-06,2024-07,2024-08,2024-09,2024-10",490,706071,138711389.9549513,12578.0,9.067748512998756e-05,0.5582344447137525,0.0003284966411737,0.8442324273670828,0.0009401191747071,0.0004704991865722,0.5031006519319446,0.6325447305739598,13449545.037690232,0.1889891773462295,10.000121116638184,5.680731810044957,6.394968986511231,1.7861804097917133e-12,5.238394173948003e-06,0.0034082678926874,1.7377606943701488e-05
FWI drtmrk,FWI drtmrk,FWI drtmrk,Fire weather index,drtmrk,FWI GRIB index,FWI GRIB index,Eastern Siberia,eastern_siberia,Eastern Siberia,test,fire_weather_index_full_grid_ranking,False,minmax_per_index_evaluation_rows,land_or_burnable,2023-03-01 to 2024-10-31 (available FWI dates only),"2023-03,2023-04,2023-05,2023-06,2023-07,2023-08,2023-09,2023-10,2024-03,2024-04,2024-05,2024-06,2024-07,2024-08,2024-09,2024-10",490,241180,46942770.29058654,6499.0,0.0001384451739803,0.5556100502817528,0.0007137515623138,0.8716757569274973,0.0020779710374187,0.0010409293064803,0.5563932912755809,0.6443065232343608,3473818.9975903947,0.1889891773462295,10.000121116638184,5.680731810044957,6.51036548614502,2.177293070700684e-12,2.1030631597920628e-05,0.0054473016008892,6.226122082545165e-05
FWI drtmrk,FWI drtmrk,FWI drtmrk,Fire weather index,drtmrk,FWI GRIB index,FWI GRIB index,Far East,far_east,Far East,test,fire_weather_index_full_grid_ranking,False,minmax_per_index_evaluation_rows,land_or_burnable,2023-03-01 to 2024-10-31 (available FWI dates only),"2023-03,2023-04,2023-05,2023-06,2023-07,2023-08,2023-09,2023-10,2024-03,2024-04,2024-05,2024-06,2024-07,2024-08,2024-09,2024-10",490,25710,5039721.539219677,514.0,0.0001019897619342,0.5315577245108173,0.0001854693073002,0.6757575616954586,0.002841717224036,0.0016638940780981,0.0097276264591439,0.8527732704265628,3004.998975484719,0.1889891773462295,10.000121116638184,5.680731810044957,8.555660247802734,9.914259115662769e-13,2.422960383570439e-05,0.0079956737920728,0.0015017155190214
FWI drtmrk,FWI drtmrk,FWI drtmrk,Fire weather index,drtmrk,FWI GRIB index,FWI GRIB index,Central Asia,central_asia,Central Asia,test,fire_weather_index_full_grid_ranking,False,minmax_per_index_evaluation_rows,land_or_burnable,2023-03-01 to 2024-10-31 (available FWI dates only),"2023-03,2023-04,2023-05,2023-06,2023-07,2023-08,2023-09,2023-10,2024-03,2024-04,2024-05,2024-06,2024-07,2024-08,2024-09,2024-10",490,38515,7664803.735165268,192.0,2.504956508137649e-05,0.6199242144170077,6.265118946472271e-05,0.710751641011748,0.0002065659322591,0.0001033149781617,0.3333333333333333,0.9483706662039748,619464.8746845464,0.1889891773462295,10.000121116638184,5.680731810044957,9.493578910827637,4.626137967462081e-13,4.25384821145627e-06,0.0132053070062865,1.982777994119731e-05
FWI drtmrk,FWI drtmrk,FWI drtmrk,Fire weather index,drtmrk,FWI GRIB index,FWI GRIB index,Europe,europe,Europe,test,fire_weather_index_full_grid_ranking,False,minmax_per_index_evaluation_rows,land_or_burnable,2023-03-01 to 2024-10-31 (available FWI dates only),"2023-03,2023-04,2023-05,2023-06,2023-07,2023-08,2023-09,2023-10,2024-03,2024-04,2024-05,2024-06,2024-07,2024-08,2024-09,2024-10",490,102693,20464801.76167879,371.0,1.8128687700982928e-05,0.597200596193501,7.968645323170298e-05,0.8101037539723708,0.0002644545303735,0.000132265887074,0.4528301886792453,0.8840951842028115,1270168.7768207905,0.1889891773462295,10.000121116638184,5.680731810044957,8.862963676452637,3.511250437750624e-13,8.770761016059535e-06,0.01821224880488,2.627531883656927e-05
FWI dufmcode,FWI dufmcode,FWI dufmcode,Fire weather index,dufmcode,FWI GRIB index,FWI GRIB index,Global,global,Global,test,fire_weather_index_full_grid_ranking,False,minmax_per_index_evaluation_rows,land_or_burnable,2022-01-01 to 2025-10-02 (available FWI dates only),"2022-01,2022-02,2022-03,2022-04,2022-05,2022-06,2022-07,2022-08,2022-09,2022-10,2022-11,2022-12,2023-03,2023-04,2023-05,2023-06,2023-07,2023-08,2023-09,2023-10,2024-03,2024-04,2024-05,2024-06,2024-07,2024-08,2024-09,2024-10,2025-01,2025-02,2025-03,2025-04,2025-05,2025-06,2025-07,2025-08,2025-09,2025-10",1130,1618034,319865630.1212056,18798.0,5.876842720762758e-05,0.0137731060873058,0.0007248958254086,0.9320021256903784,0.0020142889519576,0.0010110167954521,0.2629535056920949,0.1028657616892911,4889137.373617543,0.0,828.75,12.047714850244184,85.25,2.2195151874934705e-12,2.0897800162088443e-05,0.003371611586873,0.0005868410279224
FWI dufmcode,FWI dufmcode,FWI dufmcode,Fire weather index,dufmcode,FWI GRIB index,FWI GRIB index,Eastern Siberia,eastern_siberia,Eastern Siberia,test,fire_weather_index_full_grid_ranking,False,minmax_per_index_evaluation_rows,land_or_burnable,2022-01-01 to 2025-10-02 (available FWI dates only),"2022-01,2022-02,2022-03,2022-04,2022-05,2022-06,2022-07,2022-08,2022-09,2022-10,2022-11,2022-12,2023-03,2023-04,2023-05,2023-06,2023-07,2023-08,2023-09,2023-10,2024-03,2024-04,2024-05,2024-06,2024-07,2024-08,2024-09,2024-10,2025-01,2025-02,2025-03,2025-04,2025-05,2025-06,2025-07,2025-08,2025-09,2025-10",1130,550908,108239035.2723858,9761.0,9.018003509950212e-05,0.013119443072311,0.0029211299014439,0.943248457155119,0.0191595597084597,0.0116801445845369,0.0532732302018235,0.1828054298642533,44519.996840485685,0.0,828.75,12.047714850244184,151.5,2.4714566492982376e-12,0.0077447142923162,0.004201835304815,0.0086932617345454
FWI dufmcode,FWI dufmcode,FWI dufmcode,Fire weather index,dufmcode,FWI GRIB index,FWI GRIB index,Far East,far_east,Far East,test,fire_weather_index_full_grid_ranking,False,minmax_per_index_evaluation_rows,land_or_burnable,2022-01-01 to 2025-10-02 (available FWI dates only),"2022-01,2022-02,2022-03,2022-04,2022-05,2022-06,2022-07,2022-08,2022-09,2022-10,2022-11,2022-12,2023-03,2023-04,2023-05,2023-06,2023-07,2023-08,2023-09,2023-10,2024-03,2024-04,2024-05,2024-06,2024-07,2024-08,2024-09,2024-10,2025-01,2025-02,2025-03,2025-04,2025-05,2025-06,2025-07,2025-08,2025-09,2025-10",1130,59231,11689772.229738278,786.0,6.723826474569365e-05,0.0086312121093509,0.000907418531535,0.8686870313748375,0.007545353311513,0.0041717256054122,0.0394402035623409,0.0995475113122171,7430.977713342778,0.0,828.75,12.047714850244184,82.5,2.6297460024816088e-12,8.548658391523202e-05,0.0081230962789171,0.0006539450543132
FWI dufmcode,FWI dufmcode,FWI dufmcode,Fire weather index,dufmcode,FWI GRIB index,FWI GRIB index,Central Asia,central_asia,Central Asia,test,fire_weather_index_full_grid_ranking,False,minmax_per_index_evaluation_rows,land_or_burnable,2022-01-01 to 2025-10-02 (available FWI dates only),"2022-01,2022-02,2022-03,2022-04,2022-05,2022-06,2022-07,2022-08,2022-09,2022-10,2022-11,2022-12,2023-03,2023-04,2023-05,2023-06,2023-07,2023-08,2023-09,2023-10,2024-03,2024-04,2024-05,2024-06,2024-07,2024-08,2024-09,2024-10,2025-01,2025-02,2025-03,2025-04,2025-05,2025-06,2025-07,2025-08,2025-09,2025-10",1130,88702,17636303.35965152,523.0,2.9654740527798117e-05,0.0365045978456736,9.184450478950015e-05,0.7304790348287796,0.0004021814931986,0.0002013521824233,0.1548757170172084,0.2015082956259427,402280.2187944891,0.0,828.75,12.047714850244184,167.0,5.507188081265669e-13,7.080299648875329e-06,0.0144015816715548,2.7125316131157654e-05
FWI dufmcode,FWI dufmcode,FWI dufmcode,Fire weather index,dufmcode,FWI GRIB index,FWI GRIB index,Europe,europe,Europe,test,fire_weather_index_full_grid_ranking,False,minmax_per_index_evaluation_rows,land_or_burnable,2022-01-01 to 2025-10-02 (available FWI dates only),"2022-01,2022-02,2022-03,2022-04,2022-05,2022-06,2022-07,2022-08,2022-09,2022-10,2022-11,2022-12,2023-03,2023-04,2023-05,2023-06,2023-07,2023-08,2023-09,2023-10,2024-03,2024-04,2024-05,2024-06,2024-07,2024-08,2024-09,2024-10,2025-01,2025-02,2025-03,2025-04,2025-05,2025-06,2025-07,2025-08,2025-09,2025-10",1130,236121,47054398.5144033,853.0,1.812795460001253e-05,0.025922205733149,9.74216369373951e-05,0.8211588516602609,0.0003214321225623,0.0001609435239254,0.1137162954279015,0.2099547511312217,602695.8875645454,0.0,828.75,12.047714850244184,174.0,5.076620778306828e-13,1.844605917648874e-05,0.0158737892779371,0.0001153951299749
FWI ercnfdr,FWI ercnfdr,FWI ercnfdr,Fire weather index,ercnfdr,FWI GRIB index,FWI GRIB index,Global,global,Global,test,fire_weather_index_full_grid_ranking,False,minmax_per_index_evaluation_rows,land_or_burnable,2023-03-01 to 2024-10-31 (available FWI dates only),"2023-03,2023-04,2023-05,2023-06,2023-07,2023-08,2023-09,2023-10,2024-03,2024-04,2024-05,2024-06,2024-07,2024-08,2024-09,2024-10",490,706071,138711389.9549513,12578.0,9.067748512998756e-05,0.0725200340158434,0.0014978991192425,0.9027808469307316,0.0061257873307891,0.0031954052159517,0.0738591190968357,0.7209302325581395,290729.9504182949,0.0,43.0,3.374418436672799,31.0,1.3261328872287465e-12,0.0004650524924141,0.0038097094542586,0.0008950614658551
FWI ercnfdr,FWI ercnfdr,FWI ercnfdr,Fire weather index,ercnfdr,FWI GRIB index,FWI GRIB index,Eastern Siberia,eastern_siberia,Eastern Siberia,test,fire_weather_index_full_grid_ranking,False,minmax_per_index_evaluation_rows,land_or_burnable,2023-03-01 to 2024-10-31 (available FWI dates only),"2023-03,2023-04,2023-05,2023-06,2023-07,2023-08,2023-09,2023-10,2024-03,2024-04,2024-05,2024-06,2024-07,2024-08,2024-09,2024-10",490,241180,46942770.29058654,6499.0,0.0001384451739803,0.0858144431800958,0.0019345088057038,0.8992476617938854,0.0071591037974104,0.0037181699692884,0.0960147715033082,0.7209302325581395,167824.49569389198,0.0,43.0,3.374418436672799,31.0,2.9044484442169684e-12,9.257311719484482e-05,0.0023805024810226,0.0005010756411782
FWI ercnfdr,FWI ercnfdr,FWI ercnfdr,Fire weather index,ercnfdr,FWI GRIB index,FWI GRIB index,Far East,far_east,Far East,test,fire_weather_index_full_grid_ranking,False,minmax_per_index_evaluation_rows,land_or_burnable,2023-03-01 to 2024-10-31 (available FWI dates only),"2023-03,2023-04,2023-05,2023-06,2023-07,2023-08,2023-09,2023-10,2024-03,2024-04,2024-05,2024-06,2024-07,2024-08,2024-09,2024-10",490,25710,5039721.539219677,514.0,0.0001019897619342,0.0820013504403753,0.0006913244021138,0.8165895433255206,0.0030103226347454,0.0015186661506787,0.169260700389105,0.5348837209302325,57287.113406141805,0.0,43.0,3.374418436672799,23.0,2.6576685811080054e-12,7.098531311685964e-05,0.0049328460261581,0.0011091512802905
FWI ercnfdr,FWI ercnfdr,FWI ercnfdr,Fire weather index,ercnfdr,FWI GRIB index,FWI GRIB index,Central Asia,central_asia,Central Asia,test,fire_weather_index_full_grid_ranking,False,minmax_per_index_evaluation_rows,land_or_burnable,2023-03-01 to 2024-10-31 (available FWI dates only),"2023-03,2023-04,2023-05,2023-06,2023-07,2023-08,2023-09,2023-10,2024-03,2024-04,2024-05,2024-06,2024-07,2024-08,2024-09,2024-10",490,38515,7664803.735165268,192.0,2.504956508137649e-05,0.079918539401989,6.877697390119982e-05,0.7558459531934345,0.0003883489911473,0.0001950836219067,0.0416666666666666,0.5581395348837209,41008.05552925345,0.0,43.0,3.374418436672799,24.0,8.181584071242169e-13,4.89432753799797e-06,0.0066391944968446,0.0001525575508394
FWI ercnfdr,FWI ercnfdr,FWI ercnfdr,Fire weather index,ercnfdr,FWI GRIB index,FWI GRIB index,Europe,europe,Europe,test,fire_weather_index_full_grid_ranking,False,minmax_per_index_evaluation_rows,land_or_burnable,2023-03-01 to 2024-10-31 (available FWI dates only),"2023-03,2023-04,2023-05,2023-06,2023-07,2023-08,2023-09,2023-10,2024-03,2024-04,2024-05,2024-06,2024-07,2024-08,2024-09,2024-10",490,102693,20464801.76167879,371.0,1.8128687700982928e-05,0.0918958347517428,5.934817988371685e-05,0.7568867598797557,0.0005214815725104,0.000265884851528,0.013477088948787,0.7441860465116279,18805.133016282594,0.0,43.0,3.374418436672799,32.0,3.803896988431478e-13,6.333039019611432e-06,0.0080303855256334,0.0002148058682521
FWI fbupinx,FWI fbupinx,FWI fbupinx,Fire weather index,fbupinx,FWI GRIB index,FWI GRIB index,Global,global,Global,test,fire_weather_index_full_grid_ranking,False,minmax_per_index_evaluation_rows,land_or_burnable,2022-01-01 to 2025-10-02 (available FWI dates only),"2022-01,2022-02,2022-03,2022-04,2022-05,2022-06,2022-07,2022-08,2022-09,2022-10,2022-11,2022-12,2023-03,2023-04,2023-05,2023-06,2023-07,2023-08,2023-09,2023-10,2024-03,2024-04,2024-05,2024-06,2024-07,2024-08,2024-09,2024-10,2025-01,2025-02,2025-03,2025-04,2025-05,2025-06,2025-07,2025-08,2025-09,2025-10",1130,1618034,319865630.1212056,18798.0,5.876842720762758e-05,0.0215163617086755,0.000738395063966,0.9305950032018429,0.0021151226276499,0.0010620903563377,0.2480051069262687,0.152891310929458,4389457.047774504,0.0,825.75,18.66390802047423,126.25,4.009622218867026e-12,6.287937772168536e-05,0.0034905994413754,0.0002297471297956
FWI fbupinx,FWI fbupinx,FWI fbupinx,Fire weather index,fbupinx,FWI GRIB index,FWI GRIB index,Eastern Siberia,eastern_siberia,Eastern Siberia,test,fire_weather_index_full_grid_ranking,False,minmax_per_index_evaluation_rows,land_or_burnable,2022-01-01 to 2025-10-02 (available FWI dates only),"2022-01,2022-02,2022-03,2022-04,2022-05,2022-06,2022-07,2022-08,2022-09,2022-10,2022-11,2022-12,2023-03,2023-04,2023-05,2023-06,2023-07,2023-08,2023-09,2023-10,2024-03,2024-04,2024-05,2024-06,2024-07,2024-08,2024-09,2024-10,2025-01,2025-02,2025-03,2025-04,2025-05,2025-06,2025-07,2025-08,2025-09,2025-10",1130,550908,108239035.2723858,9761.0,9.018003509950212e-05,0.0212176918667091,0.0027790473309732,0.9407737107580768,0.0160271816045505,0.00955076617711,0.0497899805347812,0.2452316076294278,50885.96987797434,0.0,825.75,18.66390802047423,202.5,3.1687387333054573e-12,0.0002158818710078,0.0026847574330287,0.0030177455766205
FWI fbupinx,FWI fbupinx,FWI fbupinx,Fire weather index,fbupinx,FWI GRIB index,FWI GRIB index,Far East,far_east,Far East,test,fire_weather_index_full_grid_ranking,False,minmax_per_index_evaluation_rows,land_or_burnable,2022-01-01 to 2025-10-02 (available FWI dates only),"2022-01,2022-02,2022-03,2022-04,2022-05,2022-06,2022-07,2022-08,2022-09,2022-10,2022-11,2022-12,2023-03,2023-04,2023-05,2023-06,2023-07,2023-08,2023-09,2023-10,2024-03,2024-04,2024-05,2024-06,2024-07,2024-08,2024-09,2024-10,2025-01,2025-02,2025-03,2025-04,2025-05,2025-06,2025-07,2025-08,2025-09,2025-10",1130,59231,11689772.229738278,786.0,6.723826474569365e-05,0.0123297268823219,0.0007408809207265,0.852731204722178,0.0059884994847051,0.0031865437946007,0.049618320610687,0.1168634574629125,12238.965636085506,0.0,825.75,18.66390802047423,96.5,1.745001914763988e-12,0.0001317406296399,0.0112280000874299,0.0015175966862105
FWI fbupinx,FWI fbupinx,FWI fbupinx,Fire weather index,fbupinx,FWI GRIB index,FWI GRIB index,Central Asia,central_asia,Central Asia,test,fire_weather_index_full_grid_ranking,False,minmax_per_index_evaluation_rows,land_or_burnable,2022-01-01 to 2025-10-02 (available FWI dates only),"2022-01,2022-02,2022-03,2022-04,2022-05,2022-06,2022-07,2022-08,2022-09,2022-10,2022-11,2022-12,2023-03,2023-04,2023-05,2023-06,2023-07,2023-08,2023-09,2023-10,2024-03,2024-04,2024-05,2024-06,2024-07,2024-08,2024-09,2024-10,2025-01,2025-02,2025-03,2025-04,2025-05,2025-06,2025-07,2025-08,2025-09,2025-10",1130,88702,17636303.35965152,523.0,2.9654740527798117e-05,0.0530998474876896,9.199941059925923e-05,0.731155583578046,0.0003914777007642,0.0001959568980524,0.1759082217973231,0.2534059945504087,469490.9998798813,0.0,825.75,18.66390802047423,209.25000000000003,8.532719324116106e-13,9.900184699380114e-06,0.0196978234992553,2.976963112945024e-05
FWI fbupinx,FWI fbupinx,FWI fbupinx,Fire weather index,fbupinx,FWI GRIB index,FWI GRIB index,Europe,europe,Europe,test,fire_weather_index_full_grid_ranking,False,minmax_per_index_evaluation_rows,land_or_burnable,2022-01-01 to 2025-10-02 (available FWI dates only),"2022-01,2022-02,2022-03,2022-04,2022-05,2022-06,2022-07,2022-08,2022-09,2022-10,2022-11,2022-12,2023-03,2023-04,2023-05,2023-06,2023-07,2023-08,2023-09,2023-10,2024-03,2024-04,2024-05,2024-06,2024-07,2024-08,2024-09,2024-10,2025-01,2025-02,2025-03,2025-04,2025-05,2025-06,2025-07,2025-08,2025-09,2025-10",1130,236121,47054398.5144033,853.0,1.812795460001253e-05,0.0378242715005209,9.701497268968046e-05,0.8219354648858203,0.0003396000899961,0.0001699178000159,0.2450175849941383,0.2155616106569785,1230006.508914463,0.0,825.75,18.66390802047423,178.0,7.98655267825186e-13,2.5853832197822563e-05,0.0162150377010998,0.0004796635116542
FWI fdimrk,FWI fdimrk,FWI fdimrk,Fire weather index,fdimrk,FWI GRIB index,FWI GRIB index,Global,global,Global,test,fire_weather_index_full_grid_ranking,False,minmax_per_index_evaluation_rows,land_or_burnable,2023-03-01 to 2024-10-31 (available FWI dates only),"2023-03,2023-04,2023-05,2023-06,2023-07,2023-08,2023-09,2023-10,2024-03,2024-04,2024-05,2024-06,2024-07,2024-08,2024-09,2024-10",490,706071,138711389.9549513,12578.0,9.067748512998756e-05,0.0267302805509155,0.0009047787770946,0.91261789052705,0.002521304852659,0.0012650973629349,0.3588010812529814,0.1406429958208562,3567314.3682238744,0.0,59.353515625,1.690502121511151,8.34765625,1.378569364954287e-12,4.564728799133805e-05,0.0073530313198136,7.137314199454548e-05
FWI fdimrk,FWI fdimrk,FWI fdimrk,Fire weather index,fdimrk,FWI GRIB index,FWI GRIB index,Eastern Siberia,eastern_siberia,Eastern Siberia,test,fire_weather_index_full_grid_ranking,False,minmax_per_index_evaluation_rows,land_or_burnable,2023-03-01 to 2024-10-31 (available FWI dates only),"2023-03,2023-04,2023-05,2023-06,2023-07,2023-08,2023-09,2023-10,2024-03,2024-04,2024-05,2024-06,2024-07,2024-08,2024-09,2024-10",490,241180,46942770.29058654,6499.0,0.0001384451739803,0.0255961917824098,0.0021777327738593,0.916757671176754,0.0083646803584488,0.0043447826302709,0.1118633635943991,0.1896409885155812,167327.1281593822,0.0,59.353515625,1.690502121511151,11.255859375,3.4668593717391778e-12,0.0004416111180453,0.0026099307257001,0.000863530240945
FWI fdimrk,FWI fdimrk,FWI fdimrk,Fire weather index,fdimrk,FWI GRIB index,FWI GRIB index,Far East,far_east,Far East,test,fire_weather_index_full_grid_ranking,False,minmax_per_index_evaluation_rows,land_or_burnable,2023-03-01 to 2024-10-31 (available FWI dates only),"2023-03,2023-04,2023-05,2023-06,2023-07,2023-08,2023-09,2023-10,2024-03,2024-04,2024-05,2024-06,2024-07,2024-08,2024-09,2024-10",490,25710,5039721.539219677,514.0,0.0001019897619342,0.0258164548739409,0.0037013427515663,0.8468152127087014,0.0092293800379577,0.0052356218575601,0.0389105058365758,0.1799993418671229,3819.985580341415,0.0,59.353515625,1.690502121511151,10.68359375,2.8190875119885237e-12,0.0039224452965808,0.0056208574416898,0.0043807984322728
FWI fdimrk,FWI fdimrk,FWI fdimrk,Fire weather index,fdimrk,FWI GRIB index,FWI GRIB index,Central Asia,central_asia,Central Asia,test,fire_weather_index_full_grid_ranking,False,minmax_per_index_evaluation_rows,land_or_burnable,2023-03-01 to 2024-10-31 (available FWI dates only),"2023-03,2023-04,2023-05,2023-06,2023-07,2023-08,2023-09,2023-10,2024-03,2024-04,2024-05,2024-06,2024-07,2024-08,2024-09,2024-10",490,38515,7664803.735165268,192.0,2.504956508137649e-05,0.0671564839217494,0.0001029413528763,0.7990946732437932,0.0005086901106395,0.0002585538159352,0.015625,0.5994932376846885,11603.00028505975,0.0,59.353515625,1.690502121511151,35.58203125,9.179065751694704e-13,1.2452352635090443e-05,0.0168720888659447,0.0001374708742407
FWI fdimrk,FWI fdimrk,FWI fdimrk,Fire weather index,fdimrk,FWI GRIB index,FWI GRIB index,Europe,europe,Europe,test,fire_weather_index_full_grid_ranking,False,minmax_per_index_evaluation_rows,land_or_burnable,2023-03-01 to 2024-10-31 (available FWI dates only),"2023-03,2023-04,2023-05,2023-06,2023-07,2023-08,2023-09,2023-10,2024-03,2024-04,2024-05,2024-06,2024-07,2024-08,2024-09,2024-10",490,102693,20464801.76167879,371.0,1.8128687700982928e-05,0.0503229259704859,0.0001563095539252,0.8474192744483495,0.0008333594072213,0.0004190791360828,0.0727762803234501,0.4971535753068544,64426.97255790131,0.0,59.353515625,1.690502121511151,29.5078125,4.773229652441732e-13,1.6587354502129304e-05,0.0158246910796801,0.0002245027454334
FWI fdsrte,FWI fdsrte,FWI fdsrte,Fire weather index,fdsrte,FWI GRIB index,FWI GRIB index,Global,global,Global,test,fire_weather_index_full_grid_ranking,False,minmax_per_index_evaluation_rows,land_or_burnable,2022-01-01 to 2025-10-02 (available FWI dates only),"2022-01,2022-02,2022-03,2022-04,2022-05,2022-06,2022-07,2022-08,2022-09,2022-10,2022-11,2022-12,2023-03,2023-04,2023-05,2023-06,2023-07,2023-08,2023-09,2023-10,2024-03,2024-04,2024-05,2024-06,2024-07,2024-08,2024-09,2024-10,2025-01,2025-02,2025-03,2025-04,2025-05,2025-06,2025-07,2025-08,2025-09,2025-10",1130,1618034,319865630.1212056,18798.0,5.876842720762758e-05,0.005762447215663,0.0008552815679572,0.9447714978336158,0.0023020333153808,0.0011547396324083,0.3570060644749441,0.064986353486064,5811699.721436999,8.358338316590063e-18,188.921875,1.207884581110471,12.27734375,2.6730148408582064e-12,5.157304018849668e-05,0.0033637400616317,0.0007329090976447
FWI fdsrte,FWI fdsrte,FWI fdsrte,Fire weather index,fdsrte,FWI GRIB index,FWI GRIB index,Eastern Siberia,eastern_siberia,Eastern Siberia,test,fire_weather_index_full_grid_ranking,False,minmax_per_index_evaluation_rows,land_or_burnable,2022-01-01 to 2025-10-02 (available FWI dates only),"2022-01,2022-02,2022-03,2022-04,2022-05,2022-06,2022-07,2022-08,2022-09,2022-10,2022-11,2022-12,2023-03,2023-04,2023-05,2023-06,2023-07,2023-08,2023-09,2023-10,2024-03,2024-04,2024-05,2024-06,2024-07,2024-08,2024-09,2024-10,2025-01,2025-02,2025-03,2025-04,2025-05,2025-06,2025-07,2025-08,2025-09,2025-10",1130,550908,108239035.2723858,9761.0,9.018003509950212e-05,0.0047185019797188,0.0031723045660783,0.9551525019824244,0.0142564317979729,0.0142725557588621,0.0142403442270259,0.2276486642957571,9738.970535371123,8.358338316590063e-18,188.921875,1.207884581110471,43.0078125,3.001279975955855e-12,0.0042508581535696,0.0020439170473454,0.0071550363614158
FWI fdsrte,FWI fdsrte,FWI fdsrte,Fire weather index,fdsrte,FWI GRIB index,FWI GRIB index,Far East,far_east,Far East,test,fire_weather_index_full_grid_ranking,False,minmax_per_index_evaluation_rows,land_or_burnable,2022-01-01 to 2025-10-02 (available FWI dates only),"2022-01,2022-02,2022-03,2022-04,2022-05,2022-06,2022-07,2022-08,2022-09,2022-10,2022-11,2022-12,2023-03,2023-04,2023-05,2023-06,2023-07,2023-08,2023-09,2023-10,2024-03,2024-04,2024-05,2024-06,2024-07,2024-08,2024-09,2024-10,2025-01,2025-02,2025-03,2025-04,2025-05,2025-06,2025-07,2025-08,2025-09,2025-10",1130,59231,11689772.229738278,786.0,6.723826474569365e-05,0.0018232854485907,0.0017510765547677,0.9312490568044532,0.0120254488320502,0.0069513564190456,0.044529262086514,0.059920602100736,5034.988553328317,8.358338316590063e-18,188.921875,1.207884581110471,11.3203125,1.019102606106091e-12,0.0001232147542983,0.0032882793891213,0.0012658041547319
FWI fdsrte,FWI fdsrte,FWI fdsrte,Fire weather index,fdsrte,FWI GRIB index,FWI GRIB index,Central Asia,central_asia,Central Asia,test,fire_weather_index_full_grid_ranking,False,minmax_per_index_evaluation_rows,land_or_burnable,2022-01-01 to 2025-10-02 (available FWI dates only),"2022-01,2022-02,2022-03,2022-04,2022-05,2022-06,2022-07,2022-08,2022-09,2022-10,2022-11,2022-12,2023-03,2023-04,2023-05,2023-06,2023-07,2023-08,2023-09,2023-10,2024-03,2024-04,2024-05,2024-06,2024-07,2024-08,2024-09,2024-10,2025-01,2025-02,2025-03,2025-04,2025-05,2025-06,2025-07,2025-08,2025-09,2025-10",1130,88702,17636303.35965152,523.0,2.9654740527798117e-05,0.0234216476455116,0.0004195350688595,0.8183386350984952,0.011683182791074,0.007220282887347,0.0305927342256214,0.6463485236953106,2215.9796575337223,8.358338316590063e-18,188.921875,1.207884581110471,122.109375,1.3604979677825197e-12,0.0002337216457478,0.0068506034129985,0.0071850524312934
FWI fdsrte,FWI fdsrte,FWI fdsrte,Fire weather index,fdsrte,FWI GRIB index,FWI GRIB index,Europe,europe,Europe,test,fire_weather_index_full_grid_ranking,False,minmax_per_index_evaluation_rows,land_or_burnable,2022-01-01 to 2025-10-02 (available FWI dates only),"2022-01,2022-02,2022-03,2022-04,2022-05,2022-06,2022-07,2022-08,2022-09,2022-10,2022-11,2022-12,2023-03,2023-04,2023-05,2023-06,2023-07,2023-08,2023-09,2023-10,2024-03,2024-04,2024-05,2024-06,2024-07,2024-08,2024-09,2024-10,2025-01,2025-02,2025-03,2025-04,2025-05,2025-06,2025-07,2025-08,2025-09,2025-10",1130,236121,47054398.5144033,853.0,1.812795460001253e-05,0.0145297998332434,0.0002161080258162,0.8704710541060666,0.0054600451563094,0.0035587525885609,0.0117233294255568,0.6463485236953106,2809.973368798761,8.358338316590063e-18,188.921875,1.207884581110471,122.109375,6.656345523904746e-13,7.64999301665388e-05,0.0145339644888806,0.0040907327840856
FWI ffmcode,FWI ffmcode,FWI ffmcode,Fire weather index,ffmcode,FWI GRIB index,FWI GRIB index,Global,global,Global,test,fire_weather_index_full_grid_ranking,False,minmax_per_index_evaluation_rows,land_or_burnable,2022-01-01 to 2025-10-02 (available FWI dates only),"2022-01,2022-02,2022-03,2022-04,2022-05,2022-06,2022-07,2022-08,2022-09,2022-10,2022-11,2022-12,2023-03,2023-04,2023-05,2023-06,2023-07,2023-08,2023-09,2023-10,2024-03,2024-04,2024-05,2024-06,2024-07,2024-08,2024-09,2024-10,2025-01,2025-02,2025-03,2025-04,2025-05,2025-06,2025-07,2025-08,2025-09,2025-10",1130,1618034,319865630.1212056,18798.0,5.876842720762758e-05,0.657443732638107,0.0008507097292527,0.9362342633289408,0.0022617422337943,0.0011383515522912,0.1720927758272156,0.9455767123405816,2841828.60162024,1.9999998807907104,98.21484375,65.54048326254183,92.978515625,2.044079701365248e-12,0.0007850585301292,0.0066303924546501,0.0011643477722441
FWI ffmcode,FWI ffmcode,FWI ffmcode,Fire weather index,ffmcode,FWI GRIB index,FWI GRIB index,Eastern Siberia,eastern_siberia,Eastern Siberia,test,fire_weather_index_full_grid_ranking,False,minmax_per_index_evaluation_rows,land_or_burnable,2022-01-01 to 2025-10-02 (available FWI dates only),"2022-01,2022-02,2022-03,2022-04,2022-05,2022-06,2022-07,2022-08,2022-09,2022-10,2022-11,2022-12,2023-03,2023-04,2023-05,2023-06,2023-07,2023-08,2023-09,2023-10,2024-03,2024-04,2024-05,2024-06,2024-07,2024-08,2024-09,2024-10,2025-01,2025-02,2025-03,2025-04,2025-05,2025-06,2025-07,2025-08,2025-09,2025-10",1130,550908,108239035.2723858,9761.0,9.018003509950212e-05,0.670841850027938,0.0019334103377365,0.94131111872851,0.0084568548658498,0.0049751245170589,0.0281733428951951,0.96865738301151,55274.99845623296,1.9999998807907104,98.21484375,65.54048326254183,95.19921875,3.714950309565712e-12,0.0002638697839632,0.0032463511174501,0.0038937885943111
FWI ffmcode,FWI ffmcode,FWI ffmcode,Fire weather index,ffmcode,FWI GRIB index,FWI GRIB index,Far East,far_east,Far East,test,fire_weather_index_full_grid_ranking,False,minmax_per_index_evaluation_rows,land_or_burnable,2022-01-01 to 2025-10-02 (available FWI dates only),"2022-01,2022-02,2022-03,2022-04,2022-05,2022-06,2022-07,2022-08,2022-09,2022-10,2022-11,2022-12,2023-03,2023-04,2023-05,2023-06,2023-07,2023-08,2023-09,2023-10,2024-03,2024-04,2024-05,2024-06,2024-07,2024-08,2024-09,2024-10,2025-01,2025-02,2025-03,2025-04,2025-05,2025-06,2025-07,2025-08,2025-09,2025-10",1130,59231,11689772.229738278,786.0,6.723826474569365e-05,0.6707390851694699,0.0021768015844587,0.9144540992716106,0.0164030923711427,0.0106545289988726,0.0356234096692111,0.9459624051662172,2627.9904069868085,1.9999998807907104,98.21484375,65.54048326254183,93.015625,2.077739884486769e-12,0.0006819774623776,0.003364810788151,0.0019524494104282
FWI ffmcode,FWI ffmcode,FWI ffmcode,Fire weather index,ffmcode,FWI GRIB index,FWI GRIB index,Central Asia,central_asia,Central Asia,test,fire_weather_index_full_grid_ranking,False,minmax_per_index_evaluation_rows,land_or_burnable,2022-01-01 to 2025-10-02 (available FWI dates only),"2022-01,2022-02,2022-03,2022-04,2022-05,2022-06,2022-07,2022-08,2022-09,2022-10,2022-11,2022-12,2023-03,2023-04,2023-05,2023-06,2023-07,2023-08,2023-09,2023-10,2024-03,2024-04,2024-05,2024-06,2024-07,2024-08,2024-09,2024-10,2025-01,2025-02,2025-03,2025-04,2025-05,2025-06,2025-07,2025-08,2025-09,2025-10",1130,88702,17636303.35965152,523.0,2.9654740527798117e-05,0.7319546958234737,0.0002681453456317,0.8356257335561526,0.003018868814587,0.0024937668007426,0.0038240917782026,0.9986805245438783,801.999609347751,1.9999998807907104,98.21484375,65.54048326254183,98.087890625,1.0059509689399485e-12,0.001476241170315,0.0114053622470257,0.0019504655799233
FWI ffmcode,FWI ffmcode,FWI ffmcode,Fire weather index,ffmcode,FWI GRIB index,FWI GRIB index,Europe,europe,Europe,test,fire_weather_index_full_grid_ranking,False,minmax_per_index_evaluation_rows,land_or_burnable,2022-01-01 to 2025-10-02 (available FWI dates only),"2022-01,2022-02,2022-03,2022-04,2022-05,2022-06,2022-07,2022-08,2022-09,2022-10,2022-11,2022-12,2023-03,2023-04,2023-05,2023-06,2023-07,2023-08,2023-09,2023-10,2024-03,2024-04,2024-05,2024-06,2024-07,2024-08,2024-09,2024-10,2025-01,2025-02,2025-03,2025-04,2025-05,2025-06,2025-07,2025-08,2025-09,2025-10",1130,236121,47054398.5144033,853.0,1.812795460001253e-05,0.6854139149993321,0.0001655748370743,0.8724891528126798,0.0015868523888022,0.0008454434511234,0.0128956623681125,0.9901140838902884,13010.923421765776,1.9999998807907104,98.21484375,65.54048326254183,97.263671875,6.766318250533408e-13,6.174339015734567e-06,0.0086717793602524,0.0004828270566268
FWI fwinx,FWI fwinx,FWI fwinx,Fire weather index,fwinx,FWI GRIB index,FWI GRIB index,Global,global,Global,test,fire_weather_index_full_grid_ranking,False,minmax_per_index_evaluation_rows,land_or_burnable,2022-01-01 to 2025-10-02 (available FWI dates only),"2022-01,2022-02,2022-03,2022-04,2022-05,2022-06,2022-07,2022-08,2022-09,2022-10,2022-11,2022-12,2023-03,2023-04,2023-05,2023-06,2023-07,2023-08,2023-09,2023-10,2024-03,2024-04,2024-05,2024-06,2024-07,2024-08,2024-09,2024-10,2025-01,2025-02,2025-03,2025-04,2025-05,2025-06,2025-07,2025-08,2025-09,2025-10",1130,1618034,319865630.1212056,18798.0,5.876842720762758e-05,0.0276100556099866,0.0008561049769101,0.945014048323124,0.0023044226714125,0.0011556898511324,0.3828066815618682,0.2078881413969375,6226584.055357862,1.7214897285455775e-09,148.06640625,4.360765949785424,30.78125,2.0157940245724277e-12,0.0009430844975277,0.0025581095445229,0.0008082049629096
FWI fwinx,FWI fwinx,FWI fwinx,Fire weather index,fwinx,FWI GRIB index,FWI GRIB index,Eastern Siberia,eastern_siberia,Eastern Siberia,test,fire_weather_index_full_grid_ranking,False,minmax_per_index_evaluation_rows,land_or_burnable,2022-01-01 to 2025-10-02 (available FWI dates only),"2022-01,2022-02,2022-03,2022-04,2022-05,2022-06,2022-07,2022-08,2022-09,2022-10,2022-11,2022-12,2023-03,2023-04,2023-05,2023-06,2023-07,2023-08,2023-09,2023-10,2024-03,2024-04,2024-05,2024-06,2024-07,2024-08,2024-09,2024-10,2025-01,2025-02,2025-03,2025-04,2025-05,2025-06,2025-07,2025-08,2025-09,2025-10",1130,550908,108239035.2723858,9761.0,9.018003509950212e-05,0.025871967630786,0.0031777136173298,0.9553726822849576,0.0142564317979729,0.0142725557588621,0.0142403442270259,0.4330563250164925,9738.970535371129,1.7214897285455775e-09,148.06640625,4.360765949785424,64.12109375,3.342191956505483e-12,0.0016337764660388,0.0008164815169856,0.0029207702137847
FWI fwinx,FWI fwinx,FWI fwinx,Fire weather index,fwinx,FWI GRIB index,FWI GRIB index,Far East,far_east,Far East,test,fire_weather_index_full_grid_ranking,False,minmax_per_index_evaluation_rows,land_or_burnable,2022-01-01 to 2025-10-02 (available FWI dates only),"2022-01,2022-02,2022-03,2022-04,2022-05,2022-06,2022-07,2022-08,2022-09,2022-10,2022-11,2022-12,2023-03,2023-04,2023-05,2023-06,2023-07,2023-08,2023-09,2023-10,2024-03,2024-04,2024-05,2024-06,2024-07,2024-08,2024-09,2024-10,2025-01,2025-02,2025-03,2025-04,2025-05,2025-06,2025-07,2025-08,2025-09,2025-10",1130,59231,11689772.229738278,786.0,6.723826474569365e-05,0.0161367886653342,0.0017528282076259,0.931747044946802,0.0120254488320502,0.0069513564190456,0.044529262086514,0.2038781163342342,5034.988553328317,1.7214897285455775e-09,148.06640625,4.360765949785424,30.1875,2.389822796481933e-12,0.0001337853540722,0.0014408238923055,0.0036599517670484
FWI fwinx,FWI fwinx,FWI fwinx,Fire weather index,fwinx,FWI GRIB index,FWI GRIB index,Central Asia,central_asia,Central Asia,test,fire_weather_index_full_grid_ranking,False,minmax_per_index_evaluation_rows,land_or_burnable,2022-01-01 to 2025-10-02 (available FWI dates only),"2022-01,2022-02,2022-03,2022-04,2022-05,2022-06,2022-07,2022-08,2022-09,2022-10,2022-11,2022-12,2023-03,2023-04,2023-05,2023-06,2023-07,2023-08,2023-09,2023-10,2024-03,2024-04,2024-05,2024-06,2024-07,2024-08,2024-09,2024-10,2025-01,2025-02,2025-03,2025-04,2025-05,2025-06,2025-07,2025-08,2025-09,2025-10",1130,88702,17636303.35965152,523.0,2.9654740527798117e-05,0.0746959900909137,0.0004131115838265,0.8182709921045214,0.0102524396956953,0.006458081388764,0.0248565965583174,0.7948555599501278,2012.9817537787092,1.7214897285455775e-09,148.06640625,4.360765949785424,117.69140625,7.789147508830452e-13,0.0002131101439903,0.0128460603271007,0.004455903248893
FWI fwinx,FWI fwinx,FWI fwinx,Fire weather index,fwinx,FWI GRIB index,FWI GRIB index,Europe,europe,Europe,test,fire_weather_index_full_grid_ranking,False,minmax_per_index_evaluation_rows,land_or_burnable,2022-01-01 to 2025-10-02 (available FWI dates only),"2022-01,2022-02,2022-03,2022-04,2022-05,2022-06,2022-07,2022-08,2022-09,2022-10,2022-11,2022-12,2023-03,2023-04,2023-05,2023-06,2023-07,2023-08,2023-09,2023-10,2024-03,2024-04,2024-05,2024-06,2024-07,2024-08,2024-09,2024-10,2025-01,2025-02,2025-03,2025-04,2025-05,2025-06,2025-07,2025-08,2025-09,2025-10",1130,236121,47054398.5144033,853.0,1.812795460001253e-05,0.050994200469085,0.0002144842700709,0.86994504386036,0.0049225057472652,0.0031152925669999,0.0117233294255568,0.7805830365361642,3209.971386292691,1.7214897285455775e-09,148.06640625,4.360765949785424,115.578125,5.230870983684527e-13,0.0024202673126532,0.0072983483226968,0.0061256273006669
FWI icnfdr,FWI icnfdr,FWI icnfdr,Fire weather index,icnfdr,FWI GRIB index,FWI GRIB index,Global,global,Global,test,fire_weather_index_full_grid_ranking,False,minmax_per_index_evaluation_rows,land_or_burnable,2023-03-01 to 2024-10-31 (available FWI dates only),"2023-03,2023-04,2023-05,2023-06,2023-07,2023-08,2023-09,2023-10,2024-03,2024-04,2024-05,2024-06,2024-07,2024-08,2024-09,2024-10",490,706071,138711389.9549513,12578.0,9.067748512998756e-05,0.0405215044049829,0.001248835474941,0.8802900258318586,0.0055584031449541,0.0029774534525638,0.0417395452377166,0.5352112676056338,176325.17463805605,0.0,71.0,3.1470376208624917,38.0,1.985092568457285e-12,9.7332212835254e-05,0.0041123653170336,0.0010599608212261
FWI icnfdr,FWI icnfdr,FWI icnfdr,Fire weather index,icnfdr,FWI GRIB index,FWI GRIB index,Eastern Siberia,eastern_siberia,Eastern Siberia,test,fire_weather_index_full_grid_ranking,False,minmax_per_index_evaluation_rows,land_or_burnable,2023-03-01 to 2024-10-31 (available FWI dates only),"2023-03,2023-04,2023-05,2023-06,2023-07,2023-08,2023-09,2023-10,2024-03,2024-04,2024-05,2024-06,2024-07,2024-08,2024-09,2024-10",490,241180,46942770.29058654,6499.0,0.0001384451739803,0.0516565883610441,0.0014518625962959,0.8639798076551727,0.0068884296740545,0.0036685790390688,0.0563163563625173,0.5352112676056338,99766.14817406089,0.0,71.0,3.1470376208624917,38.0,4.511340688198022e-12,0.0001058140647785,0.0038618687769763,0.0009226324027014
FWI icnfdr,FWI icnfdr,FWI icnfdr,Fire weather index,icnfdr,FWI GRIB index,FWI GRIB index,Far East,far_east,Far East,test,fire_weather_index_full_grid_ranking,False,minmax_per_index_evaluation_rows,land_or_burnable,2023-03-01 to 2024-10-31 (available FWI dates only),"2023-03,2023-04,2023-05,2023-06,2023-07,2023-08,2023-09,2023-10,2024-03,2024-04,2024-05,2024-06,2024-07,2024-08,2024-09,2024-10",490,25710,5039721.539219677,514.0,0.0001019897619342,0.0471467782689776,0.0027264656305333,0.789319708926769,0.0056818085691934,0.0031717203344756,0.0272373540856031,0.5352112676056338,4414.008337312722,0.0,71.0,3.1470376208624917,38.0,2.8910851988329027e-12,0.0022199176048667,0.0055272214941258,0.0031393682180195
FWI icnfdr,FWI icnfdr,FWI icnfdr,Fire weather index,icnfdr,FWI GRIB index,FWI GRIB index,Central Asia,central_asia,Central Asia,test,fire_weather_index_full_grid_ranking,False,minmax_per_index_evaluation_rows,land_or_burnable,2023-03-01 to 2024-10-31 (available FWI dates only),"2023-03,2023-04,2023-05,2023-06,2023-07,2023-08,2023-09,2023-10,2024-03,2024-04,2024-05,2024-06,2024-07,2024-08,2024-09,2024-10",490,38515,7664803.735165268,192.0,2.504956508137649e-05,0.0539539171354684,9.252230133064428e-05,0.8055911883373618,0.0004920053614138,0.0002499377434199,0.015625,0.5352112676056338,12002.989060197657,0.0,71.0,3.1470376208624917,38.0,8.586325786361185e-13,4.490049810082323e-06,0.0046086523304284,0.0002509151868717
FWI icnfdr,FWI icnfdr,FWI icnfdr,Fire weather index,icnfdr,FWI GRIB index,FWI GRIB index,Europe,europe,Europe,test,fire_weather_index_full_grid_ranking,False,minmax_per_index_evaluation_rows,land_or_burnable,2023-03-01 to 2024-10-31 (available FWI dates only),"2023-03,2023-04,2023-05,2023-06,2023-07,2023-08,2023-09,2023-10,2024-03,2024-04,2024-05,2024-06,2024-07,2024-08,2024-09,2024-10",490,102693,20464801.76167879,371.0,1.8128687700982928e-05,0.0529582843428865,0.0001432642755508,0.8292198981347263,0.0027037473697865,0.0014562101290064,0.0188679245283018,0.6619718309859155,4806.998564675624,0.0,71.0,3.1470376208624917,47.0,6.174780230229057e-13,4.805888629904451e-05,0.010671228363464,0.0024230970855957
FWI infsinx,FWI infsinx,FWI infsinx,Fire weather index,infsinx,FWI GRIB index,FWI GRIB index,Global,global,Global,test,fire_weather_index_full_grid_ranking,False,minmax_per_index_evaluation_rows,land_or_burnable,2022-01-01 to 2025-10-02 (available FWI dates only),"2022-01,2022-02,2022-03,2022-04,2022-05,2022-06,2022-07,2022-08,2022-09,2022-10,2022-11,2022-12,2023-03,2023-04,2023-05,2023-06,2023-07,2023-08,2023-09,2023-10,2024-03,2024-04,2024-05,2024-06,2024-07,2024-08,2024-09,2024-10,2025-01,2025-02,2025-03,2025-04,2025-05,2025-06,2025-07,2025-08,2025-09,2025-10",1130,1618034,319865630.1212056,18798.0,5.876842720762758e-05,0.0245720899885137,0.0006273586737388,0.9242239132876297,0.0022686987343023,0.0016639060919061,0.0035642089583998,0.4978701652280436,40266.69553402799,8.607448087616376e-09,91.703125,2.339583029250462,45.65625,2.645999505746696e-12,0.0007931252000918,0.0033646798174996,0.0014220571047272
FWI infsinx,FWI infsinx,FWI infsinx,Fire weather index,infsinx,FWI GRIB index,FWI GRIB index,Eastern Siberia,eastern_siberia,Eastern Siberia,test,fire_weather_index_full_grid_ranking,False,minmax_per_index_evaluation_rows,land_or_burnable,2022-01-01 to 2025-10-02 (available FWI dates only),"2022-01,2022-02,2022-03,2022-04,2022-05,2022-06,2022-07,2022-08,2022-09,2022-10,2022-11,2022-12,2023-03,2023-04,2023-05,2023-06,2023-07,2023-08,2023-09,2023-10,2024-03,2024-04,2024-05,2024-06,2024-07,2024-08,2024-09,2024-10,2025-01,2025-02,2025-03,2025-04,2025-05,2025-06,2025-07,2025-08,2025-09,2025-10",1130,550908,108239035.2723858,9761.0,9.018003509950212e-05,0.0231005228151914,0.0015091562145128,0.934977509206044,0.0108185184081755,0.010076034695756,0.0116791312365536,0.3249701822504927,11313.974538814997,8.607448087616376e-09,91.703125,2.339583029250462,29.80078125,3.1625044329801426e-12,0.0015904557586229,0.003384192124293,0.0098975058357347
FWI infsinx,FWI infsinx,FWI infsinx,Fire weather index,infsinx,FWI GRIB index,FWI GRIB index,Far East,far_east,Far East,test,fire_weather_index_full_grid_ranking,False,minmax_per_index_evaluation_rows,land_or_burnable,2022-01-01 to 2025-10-02 (available FWI dates only),"2022-01,2022-02,2022-03,2022-04,2022-05,2022-06,2022-07,2022-08,2022-09,2022-10,2022-11,2022-12,2023-03,2023-04,2023-05,2023-06,2023-07,2023-08,2023-09,2023-10,2024-03,2024-04,2024-05,2024-06,2024-07,2024-08,2024-09,2024-10,2025-01,2025-02,2025-03,2025-04,2025-05,2025-06,2025-07,2025-08,2025-09,2025-10",1130,59231,11689772.229738278,786.0,6.723826474569365e-05,0.0217449820122083,0.00271742922299,0.9241575005821488,0.008221812918542,0.0044143883791301,0.059796437659033,0.1736880217319482,10647.001569277763,8.607448087616376e-09,91.703125,2.339583029250462,15.927734375,2.58418339073712e-12,0.0031444339417743,0.0010970788572157,0.0034360006526524
FWI infsinx,FWI infsinx,FWI infsinx,Fire weather index,infsinx,FWI GRIB index,FWI GRIB index,Central Asia,central_asia,Central Asia,test,fire_weather_index_full_grid_ranking,False,minmax_per_index_evaluation_rows,land_or_burnable,2022-01-01 to 2025-10-02 (available FWI dates only),"2022-01,2022-02,2022-03,2022-04,2022-05,2022-06,2022-07,2022-08,2022-09,2022-10,2022-11,2022-12,2023-03,2023-04,2023-05,2023-06,2023-07,2023-08,2023-09,2023-10,2024-03,2024-04,2024-05,2024-06,2024-07,2024-08,2024-09,2024-10,2025-01,2025-02,2025-03,2025-04,2025-05,2025-06,2025-07,2025-08,2025-09,2025-10",1130,88702,17636303.35965152,523.0,2.9654740527798117e-05,0.049352950434738,0.0004195665604657,0.8552133137935153,0.009583773868566,0.0056818646986435,0.0305927342256214,0.6751363093918964,2815.976945705817,8.607448087616376e-09,91.703125,2.339583029250462,61.912109375,1.053988127988853e-12,7.380270509884771e-05,0.0090629796227247,0.0029313172134133
FWI infsinx,FWI infsinx,FWI infsinx,Fire weather index,infsinx,FWI GRIB index,FWI GRIB index,Europe,europe,Europe,test,fire_weather_index_full_grid_ranking,False,minmax_per_index_evaluation_rows,land_or_burnable,2022-01-01 to 2025-10-02 (available FWI dates only),"2022-01,2022-02,2022-03,2022-04,2022-05,2022-06,2022-07,2022-08,2022-09,2022-10,2022-11,2022-12,2023-03,2023-04,2023-05,2023-06,2023-07,2023-08,2023-09,2023-10,2024-03,2024-04,2024-05,2024-06,2024-07,2024-08,2024-09,2024-10,2025-01,2025-02,2025-03,2025-04,2025-05,2025-06,2025-07,2025-08,2025-09,2025-10",1130,236121,47054398.5144033,853.0,1.812795460001253e-05,0.0366973719182222,0.0002220560214353,0.8791607832084297,0.0052631915275382,0.003873860457957,0.0082063305978898,0.6977338558244144,1806.9830020907768,8.607448087616376e-09,91.703125,2.339583029250462,63.98437499999999,7.411229847401164e-13,0.0091112271378171,0.0115528321380414,0.014681373592216
FWI kbdi,FWI kbdi,FWI kbdi,Fire weather index,kbdi,FWI GRIB index,FWI GRIB index,Global,global,Global,test,fire_weather_index_full_grid_ranking,False,minmax_per_index_evaluation_rows,land_or_burnable,2023-03-01 to 2024-10-31 (available FWI dates only),"2023-03,2023-04,2023-05,2023-06,2023-07,2023-08,2023-09,2023-10,2024-03,2024-04,2024-05,2024-06,2024-07,2024-08,2024-09,2024-10",490,706071,138711389.9549513,12578.0,9.067748512998756e-05,0.0220845724232048,0.0004918145326044,0.8862869025823976,0.0013589896570914,0.0006805935855608,0.4208936237875656,0.0900461654418692,7778504.106290919,0.0,165.84375,3.859967268474063,14.93359375,1.774769279564996e-12,2.4661241754791506e-05,0.0043136200984908,0.000208690341958
FWI kbdi,FWI kbdi,FWI kbdi,Fire weather index,kbdi,FWI GRIB index,FWI GRIB index,Eastern Siberia,eastern_siberia,Eastern Siberia,test,fire_weather_index_full_grid_ranking,False,minmax_per_index_evaluation_rows,land_or_burnable,2023-03-01 to 2024-10-31 (available FWI dates only),"2023-03,2023-04,2023-05,2023-06,2023-07,2023-08,2023-09,2023-10,2024-03,2024-04,2024-05,2024-06,2024-07,2024-08,2024-09,2024-10",490,241180,46942770.29058654,6499.0,0.0001384451739803,0.0159002714431153,0.001407746675953,0.9121871880001702,0.0042201863948738,0.0021233045987362,0.3391290967841206,0.1311004333898624,1038004.6279331794,0.0,165.84375,3.859967268474063,21.7421875,4.950138959776649e-12,5.428979591443277e-05,0.0037304181077543,0.0001020176665733
FWI kbdi,FWI kbdi,FWI kbdi,Fire weather index,kbdi,FWI GRIB index,FWI GRIB index,Far East,far_east,Far East,test,fire_weather_index_full_grid_ranking,False,minmax_per_index_evaluation_rows,land_or_burnable,2023-03-01 to 2024-10-31 (available FWI dates only),"2023-03,2023-04,2023-05,2023-06,2023-07,2023-08,2023-09,2023-10,2024-03,2024-04,2024-05,2024-06,2024-07,2024-08,2024-09,2024-10",490,25710,5039721.539219677,514.0,0.0001019897619342,0.0088841812883941,0.0005744371268442,0.7771981309039533,0.0034428977124061,0.0017455822041913,0.1245136186770428,0.0936734501601658,36663.985142795165,0.0,165.84375,3.859967268474063,15.53515625,2.040493634507987e-12,3.15739908624923e-05,0.0087437344087676,0.0005204108667343
FWI kbdi,FWI kbdi,FWI kbdi,Fire weather index,kbdi,FWI GRIB index,FWI GRIB index,Central Asia,central_asia,Central Asia,test,fire_weather_index_full_grid_ranking,False,minmax_per_index_evaluation_rows,land_or_burnable,2023-03-01 to 2024-10-31 (available FWI dates only),"2023-03,2023-04,2023-05,2023-06,2023-07,2023-08,2023-09,2023-10,2024-03,2024-04,2024-05,2024-06,2024-07,2024-08,2024-09,2024-10",490,38515,7664803.735165268,192.0,2.504956508137649e-05,0.1015857675028932,8.088912591994932e-05,0.7374913939135286,0.0004941216466613,0.0002477521345364,0.0885416666666666,0.8248539664593932,68616.96683990423,0.0,165.84375,3.859967268474063,136.796875,4.474385567021039e-13,1.6711908471272107e-05,0.0226026099674009,0.0001375444778191
FWI kbdi,FWI kbdi,FWI kbdi,Fire weather index,kbdi,FWI GRIB index,FWI GRIB index,Europe,europe,Europe,test,fire_weather_index_full_grid_ranking,False,minmax_per_index_evaluation_rows,land_or_burnable,2023-03-01 to 2024-10-31 (available FWI dates only),"2023-03,2023-04,2023-05,2023-06,2023-07,2023-08,2023-09,2023-10,2024-03,2024-04,2024-05,2024-06,2024-07,2024-08,2024-09,2024-10",490,102693,20464801.76167879,371.0,1.8128687700982928e-05,0.0696084834070615,9.279303404309688e-05,0.8314435726731586,0.0004871900282182,0.0002448969113029,0.045822102425876,0.8248539664593932,69416.96369118367,0.0,165.84375,3.859967268474063,136.796875,6.381383176691228e-13,1.3683702413676203e-05,0.0125325428779061,0.0003057014140581
FWI scnfdr,FWI scnfdr,FWI scnfdr,Fire weather index,scnfdr,FWI GRIB index,FWI GRIB index,Global,global,Global,test,fire_weather_index_full_grid_ranking,False,minmax_per_index_evaluation_rows,land_or_burnable,2023-03-01 to 2024-10-31 (available FWI dates only),"2023-03,2023-04,2023-05,2023-06,2023-07,2023-08,2023-09,2023-10,2024-03,2024-04,2024-05,2024-06,2024-07,2024-08,2024-09,2024-10",490,706071,138711389.9549513,12578.0,9.067748512998756e-05,0.0157119164408994,0.0003068766576701,0.818928249677072,0.0016662940072552,0.0012804069307493,0.0023851168707266,0.5384615384615384,23430.051243508835,0.0,26.0,0.4276269666931512,14.0,1.5080287029277214e-12,1.6941719304533755e-05,0.0045693907048942,0.0015560644417358
FWI scnfdr,FWI scnfdr,FWI scnfdr,Fire weather index,scnfdr,FWI GRIB index,FWI GRIB index,Eastern Siberia,eastern_siberia,Eastern Siberia,test,fire_weather_index_full_grid_ranking,False,minmax_per_index_evaluation_rows,land_or_burnable,2023-03-01 to 2024-10-31 (available FWI dates only),"2023-03,2023-04,2023-05,2023-06,2023-07,2023-08,2023-09,2023-10,2024-03,2024-04,2024-05,2024-06,2024-07,2024-08,2024-09,2024-10",490,241180,46942770.29058654,6499.0,0.0001384451739803,0.0130082258945826,0.0004974817926976,0.8175883393168477,0.0021599083730491,0.0014412169493749,0.0043083551315587,0.3461538461538461,19428.02574736776,0.0,26.0,0.4276269666931512,9.0,6.728551741365894e-13,0.0003289144107313,0.005836886859021,0.0020994761087181
FWI scnfdr,FWI scnfdr,FWI scnfdr,Fire weather index,scnfdr,FWI GRIB index,FWI GRIB index,Far East,far_east,Far East,test,fire_weather_index_full_grid_ranking,False,minmax_per_index_evaluation_rows,land_or_burnable,2023-03-01 to 2024-10-31 (available FWI dates only),"2023-03,2023-04,2023-05,2023-06,2023-07,2023-08,2023-09,2023-10,2024-03,2024-04,2024-05,2024-06,2024-07,2024-08,2024-09,2024-10",490,25710,5039721.539219677,514.0,0.0001019897619342,0.015905649786849,0.0006307892096278,0.7697822337703705,0.0096462499614198,0.0055935011943042,0.0350194552529182,0.4230769230769231,3218.0202300356914,0.0,26.0,0.4276269666931512,11.0,2.065936701311597e-12,0.0009560929729332,0.0091464468492374,0.0026935577883964
FWI scnfdr,FWI scnfdr,FWI scnfdr,Fire weather index,scnfdr,FWI GRIB index,FWI GRIB index,Central Asia,central_asia,Central Asia,test,fire_weather_index_full_grid_ranking,False,minmax_per_index_evaluation_rows,land_or_burnable,2023-03-01 to 2024-10-31 (available FWI dates only),"2023-03,2023-04,2023-05,2023-06,2023-07,2023-08,2023-09,2023-10,2024-03,2024-04,2024-05,2024-06,2024-07,2024-08,2024-09,2024-10",490,38515,7664803.735165268,192.0,2.504956508137649e-05,0.0346722523955826,0.0001318350286367,0.8262645187110181,0.0011117279274994,0.0005711017994265,0.0208333333333333,0.5384615384615384,7004.0052474295535,0.0,26.0,0.4276269666931512,14.0,4.819046158730572e-13,1.5366270705684307e-05,0.0072428410927857,0.0005404694203316
FWI scnfdr,FWI scnfdr,FWI scnfdr,Fire weather index,scnfdr,FWI GRIB index,FWI GRIB index,Europe,europe,Europe,test,fire_weather_index_full_grid_ranking,False,minmax_per_index_evaluation_rows,land_or_burnable,2023-03-01 to 2024-10-31 (available FWI dates only),"2023-03,2023-04,2023-05,2023-06,2023-07,2023-08,2023-09,2023-10,2024-03,2024-04,2024-05,2024-06,2024-07,2024-08,2024-09,2024-10",490,102693,20464801.76167879,371.0,1.8128687700982928e-05,0.0294424701757918,0.0001314530612179,0.8286214723205161,0.0013583490946665,0.0007012619999341,0.0215633423180593,0.5384615384615384,11408.004427376429,0.0,26.0,0.4276269666931512,14.0,3.829424830086642e-13,2.037575162084138e-05,0.0201807753189874,0.0004963409784132
FWI Logistic Regression (train 2022),FWI Logistic Regression (train 2022),FWI Logistic Regression (train 2022),FWI logistic regression,logistic_train_2022,"FWI indexes trained on 2022: drtcode, dufmcode, fbupinx, fdsrte, ffmcode, fwinx, infsinx","FWI indexes trained on 2022: drtcode, dufmcode, fbupinx, fdsrte, ffmcode, fwinx, infsinx",Global,global,Global,test,fire_weather_index_full_grid_ranking,False,weighted_logistic_regression_probability,land_or_burnable,2023-03-01 to 2025-10-02 (available FWI dates only),"2023-03,2023-04,2023-05,2023-06,2023-07,2023-08,2023-09,2023-10,2024-03,2024-04,2024-05,2024-06,2024-07,2024-08,2024-09,2024-10,2025-01,2025-02,2025-03,2025-04,2025-05,2025-06,2025-07,2025-08,2025-09,2025-10",765,1097860,216541615.0044931,15228.0,7.032366503632122e-05,0.0001221041865418294,0.00021079661965509613,0.6968367047027944,0.0009210661753911534,0.0004643328135149967,0.05627790911478855,0.00020148340263403952,1845658.921911021,5.772750721888542e-09,0.00420768465846777,0.00012241396728447372,0.00020148340263403952,2.6468859775682895e-12,1.0950509543658301e-05,0.0043083954698757585,0.00025179942726553294
FWI Logistic Regression (train 2022),FWI Logistic Regression (train 2022),FWI Logistic Regression (train 2022),FWI logistic regression,logistic_train_2022,"FWI indexes trained on 2022: drtcode, dufmcode, fbupinx, fdsrte, ffmcode, fwinx, infsinx","FWI indexes trained on 2022: drtcode, dufmcode, fbupinx, fdsrte, ffmcode, fwinx, infsinx",Eastern Siberia,eastern_siberia,Eastern Siberia,test,fire_weather_index_full_grid_ranking,False,weighted_logistic_regression_probability,land_or_burnable,2023-03-01 to 2025-10-02 (available FWI dates only),"2023-03,2023-04,2023-05,2023-06,2023-07,2023-08,2023-09,2023-10,2024-03,2024-04,2024-05,2024-06,2024-07,2024-08,2024-09,2024-10,2025-01,2025-02,2025-03,2025-04,2025-05,2025-06,2025-07,2025-08,2025-09,2025-10",765,374777,73252949.51574726,8555.0,0.00011678710627427941,0.0001243342927464735,0.00035723546114104545,0.6792575376283937,0.003210964005996675,0.0018019021916800188,0.01472822910578609,0.0002465887228026986,69926.10397045071,5.772750721888542e-09,0.00420768465846777,0.00012241396728447372,0.0002465887228026986,2.1891448213803514e-12,2.5663032593687404e-05,0.00457585820874375,0.0007828181294876644
FWI Logistic Regression (train 2022),FWI Logistic Regression (train 2022),FWI Logistic Regression (train 2022),FWI logistic regression,logistic_train_2022,"FWI indexes trained on 2022: drtcode, dufmcode, fbupinx, fdsrte, ffmcode, fwinx, infsinx","FWI indexes trained on 2022: drtcode, dufmcode, fbupinx, fdsrte, ffmcode, fwinx, infsinx",Far East,far_east,Far East,test,fire_weather_index_full_grid_ranking,False,weighted_logistic_regression_probability,land_or_burnable,2023-03-01 to 2025-10-02 (available FWI dates only),"2023-03,2023-04,2023-05,2023-06,2023-07,2023-08,2023-09,2023-10,2024-03,2024-04,2024-05,2024-06,2024-07,2024-08,2024-09,2024-10,2025-01,2025-02,2025-03,2025-04,2025-05,2025-06,2025-07,2025-08,2025-09,2025-10",765,40089,7893424.071491578,625.0,7.917983302801279e-05,0.0001197802821009728,0.0006027661083279539,0.8939470590152206,0.004404079984196774,0.0026595790017932123,0.0128,0.0001955511252162978,3007.9948723486036,5.772750721888542e-09,0.00420768465846777,0.00012241396728447372,0.0001955511252162978,1.1956169450370205e-12,9.67890067343523e-05,0.007478338035892087,0.002407267882797629
FWI Logistic Regression (train 2022),FWI Logistic Regression (train 2022),FWI Logistic Regression (train 2022),FWI logistic regression,logistic_train_2022,"FWI indexes trained on 2022: drtcode, dufmcode, fbupinx, fdsrte, ffmcode, fwinx, infsinx","FWI indexes trained on 2022: drtcode, dufmcode, fbupinx, fdsrte, ffmcode, fwinx, infsinx",Central Asia,central_asia,Central Asia,test,fire_weather_index_full_grid_ranking,False,weighted_logistic_regression_probability,land_or_burnable,2023-03-01 to 2025-10-02 (available FWI dates only),"2023-03,2023-04,2023-05,2023-06,2023-07,2023-08,2023-09,2023-10,2024-03,2024-04,2024-05,2024-06,2024-07,2024-08,2024-09,2024-10,2025-01,2025-02,2025-03,2025-04,2025-05,2025-06,2025-07,2025-08,2025-09,2025-10",765,60065,11950115.996291753,316.0,2.644325796486479e-05,0.00013142600444523896,2.2565824968153863e-05,0.42018868329295456,5.5860363509935e-05,2.793216988064313e-05,0.3924050632911392,0.000146873586345464,4439325.7140374,5.772750721888542e-09,0.00420768465846777,0.00012241396728447372,0.000146873586345464,1.3269998865317455e-12,1.1037065186740928e-06,0.020225847810537,6.939054958517073e-06
FWI Logistic Regression (train 2022),FWI Logistic Regression (train 2022),FWI Logistic Regression (train 2022),FWI logistic regression,logistic_train_2022,"FWI indexes trained on 2022: drtcode, dufmcode, fbupinx, fdsrte, ffmcode, fwinx, infsinx","FWI indexes trained on 2022: drtcode, dufmcode, fbupinx, fdsrte, ffmcode, fwinx, infsinx",Europe,europe,Europe,test,fire_weather_index_full_grid_ranking,False,weighted_logistic_regression_probability,land_or_burnable,2023-03-01 to 2025-10-02 (available FWI dates only),"2023-03,2023-04,2023-05,2023-06,2023-07,2023-08,2023-09,2023-10,2024-03,2024-04,2024-05,2024-06,2024-07,2024-08,2024-09,2024-10,2025-01,2025-02,2025-03,2025-04,2025-05,2025-06,2025-07,2025-08,2025-09,2025-10",765,160241,31925016.426083837,619.0,1.9389183445940398e-05,0.0001279491609096205,2.1185554101015425e-05,0.4788214319748478,0.00010193685034525762,5.262883628425213e-05,0.0016155088852988692,0.0004792393883690238,19000.990152982446,5.772750721888542e-09,0.00420768465846777,0.00012241396728447372,0.0004792393883690238,9.851680897125498e-13,1.3776473302807797e-06,0.015988877286814338,0.00020349050078558273
