Experiment,Experiment ID,Model,Feature set,Region,precision,recall,f1,F1 error,PR-AUC,PR-AUC error,Delta F1 vs full,Delta PR-AUC vs full
Full CatBoost,ablation_full,CatBoost,all features,Global,0.3866930421881538,0.8211818879508825,0.5257917264745057,0.004048385807888288,0.54627891056253,0.003915456891489145,0.0,0.0
Full CatBoost,ablation_full,CatBoost,all features,Eastern Siberia,0.43778106373572767,0.9184763488662168,0.5929428282369459,0.0014751799720204705,0.6302041747524663,0.003880753966746449,0.0,0.0
Full CatBoost,ablation_full,CatBoost,all features,Far East,0.30345572354211664,0.6853658536585366,0.42065868263473055,0.0033251134286332884,0.3490091183495905,0.007318459658032298,0.0,0.0
Full CatBoost,ablation_full,CatBoost,all features,Central Asia,0.1343710860619073,0.600079904115062,0.2195745925005482,0.007330577037581582,0.15673435638012506,0.015828456774160428,0.0,0.0
Full CatBoost,ablation_full,CatBoost,all features,Europe,0.22818944029005211,0.3535814606741573,0.2773722627737226,0.0076026807475035535,0.20493888954481776,0.0033182762815813617,0.0,0.0
Weather-only CatBoost,ablation_weather_only,Weather-only CatBoost,meteorology/history features only,Global,0.22527276925741335,0.9457325200953266,0.3638715994125463,0.0009490343827047262,0.35079560274721466,0.0034177045441915305,0.16192012706195935,0.1954833078153153
Weather-only CatBoost,ablation_weather_only,Weather-only CatBoost,meteorology/history features only,Eastern Siberia,0.31074898785425104,0.9819298301723862,0.47209515096065874,0.002401295120987749,0.4434523379588713,0.005188672163429214,0.12084767727628715,0.18675183679359497
Weather-only CatBoost,ablation_weather_only,Weather-only CatBoost,meteorology/history features only,Far East,0.1370379683178275,0.8861788617886179,0.23736933797909407,0.0025276058193480387,0.18818695059731258,0.00968653314383702,0.18328934465563648,0.1608221677522779
Weather-only CatBoost,ablation_weather_only,Weather-only CatBoost,meteorology/history features only,Central Asia,0.06906824641303975,0.8058330003995205,0.12723143884438276,0.0010389658462157181,0.0692916337287443,0.0007148839438799239,0.09234315365616544,0.08744272265138076
Weather-only CatBoost,ablation_weather_only,Weather-only CatBoost,meteorology/history features only,Europe,0.09076382230744647,0.797752808988764,0.1629842180774749,6.362434965858494e-05,0.14581395180129472,0.00510590636243975,0.11438804469624772,0.05912493774352304
FWI-only CatBoost,ablation_fwi_only,FWI-only CatBoost,fire-weather variables only,Global,0.2130441354292624,0.9109342812133941,0.34532550358693237,0.0011497029084153844,0.31060983949734317,0.002969252548730986,0.1804662228875733,0.2356690710651868
FWI-only CatBoost,ablation_fwi_only,FWI-only CatBoost,fire-weather variables only,Eastern Siberia,0.31001721609385957,0.9329964499312374,0.46539305228732103,0.0031431027699493036,0.3903543520588144,0.010583236386694858,0.12754977594962486,0.23984982269365185
FWI-only CatBoost,ablation_fwi_only,FWI-only CatBoost,fire-weather variables only,Far East,0.19054002297970127,0.8089430894308943,0.30843149411035337,0.005862129884104958,0.30662564310223717,0.0009156033356464581,0.11222718852437719,0.04238347524735331
FWI-only CatBoost,ablation_fwi_only,FWI-only CatBoost,fire-weather variables only,Central Asia,0.06623406323251958,0.9256891729924092,0.12362278244631186,0.00011984299639071956,0.07281831347675709,0.001994293530513565,0.09595181005423634,0.08391604290336797
FWI-only CatBoost,ablation_fwi_only,FWI-only CatBoost,fire-weather variables only,Europe,0.07943362120907813,0.8332162921348315,0.1450400342277367,0.0021930402280250704,0.11277836660792036,0.0052109054283299705,0.13233222854598592,0.0921605229368974
CatBoost no anthropogenic,ablation_no_anthropogenic,CatBoost,full minus roads/population/night lights,Global,0.39414676178262265,0.7945025649311306,0.5269015952103507,0.001112611397815885,0.5264652504132801,0.007850879185353581,-0.0011098687358450654,0.0198136601492499
CatBoost no anthropogenic,ablation_no_anthropogenic,CatBoost,full minus roads/population/night lights,Eastern Siberia,0.45195615134857103,0.8992867879873349,0.6015767910056589,0.005408087376743075,0.6191896357699587,0.0028632248614176565,-0.008633962768712977,0.011014538982507593
CatBoost no anthropogenic,ablation_no_anthropogenic,CatBoost,full minus roads/population/night lights,Far East,0.30474989491382937,0.5894308943089431,0.40177334441673596,0.004038399381366523,0.32242957696546015,0.0011895190225999603,0.018885338217994596,0.026579541384130323
CatBoost no anthropogenic,ablation_no_anthropogenic,CatBoost,full minus roads/population/night lights,Central Asia,0.12404745828108421,0.5137834598481822,0.19984459984459985,0.006917348946390138,0.12360815780834947,0.006881702775199922,0.019729992655948353,0.033126198571775595
CatBoost no anthropogenic,ablation_no_anthropogenic,CatBoost,full minus roads/population/night lights,Europe,0.17318714178918515,0.2440308988764045,0.2025943739979595,0.009204632554186095,0.16934770822929765,0.0021430748825410424,0.07477788877576313,0.03559118131552011
CatBoost-no-ecoregion,ablation_no_ecoregion,CatBoost,full minus ecoregion categorical variables,Global,0.3866930421881538,0.8211818879508825,0.5257917264745057,0.004048385807888288,0.54627891056253,0.003915456891489145,0.0,0.0
CatBoost-no-ecoregion,ablation_no_ecoregion,CatBoost,full minus ecoregion categorical variables,Eastern Siberia,0.43778106373572767,0.9184763488662168,0.5929428282369459,0.0014751799720204705,0.6302041747524663,0.003880753966746449,0.0,0.0
CatBoost-no-ecoregion,ablation_no_ecoregion,CatBoost,full minus ecoregion categorical variables,Far East,0.30345572354211664,0.6853658536585366,0.42065868263473055,0.0033251134286332884,0.3490091183495905,0.007318459658032298,0.0,0.0
CatBoost-no-ecoregion,ablation_no_ecoregion,CatBoost,full minus ecoregion categorical variables,Central Asia,0.1343710860619073,0.600079904115062,0.2195745925005482,0.007330577037581582,0.15673435638012506,0.015828456774160428,0.0,0.0
CatBoost-no-ecoregion,ablation_no_ecoregion,CatBoost,full minus ecoregion categorical variables,Europe,0.22818944029005211,0.3535814606741573,0.2773722627737226,0.0076026807475035535,0.20493888954481776,0.0033182762815813617,0.0,0.0
CatBoost-no-geography,ablation_no_geography,CatBoost,full minus direct geography/location variables,Global,0.3866930421881538,0.8211818879508825,0.5257917264745057,0.004048385807888288,0.54627891056253,0.003915456891489145,0.0,0.0
CatBoost-no-geography,ablation_no_geography,CatBoost,full minus direct geography/location variables,Eastern Siberia,0.43778106373572767,0.9184763488662168,0.5929428282369459,0.0014751799720204705,0.6302041747524663,0.003880753966746449,0.0,0.0
CatBoost-no-geography,ablation_no_geography,CatBoost,full minus direct geography/location variables,Far East,0.30345572354211664,0.6853658536585366,0.42065868263473055,0.0033251134286332884,0.3490091183495905,0.007318459658032298,0.0,0.0
CatBoost-no-geography,ablation_no_geography,CatBoost,full minus direct geography/location variables,Central Asia,0.1343710860619073,0.600079904115062,0.2195745925005482,0.007330577037581582,0.15673435638012506,0.015828456774160428,0.0,0.0
CatBoost-no-geography,ablation_no_geography,CatBoost,full minus direct geography/location variables,Europe,0.22818944029005211,0.3535814606741573,0.2773722627737226,0.0076026807475035535,0.20493888954481776,0.0033182762815813617,0.0,0.0
CatBoost no fuel/ecoregion/vegetation,ablation_no_fuel_ecoregion_vegetation,CatBoost,full minus ecological/fuel variables,Global,0.3752300613496933,0.7905642848487296,0.5089122040641211,0.002458111342236586,0.509819366521511,0.00393129307068425,0.016879522410384595,0.03645954404101892
CatBoost no fuel/ecoregion/vegetation,ablation_no_fuel_ecoregion_vegetation,CatBoost,full minus ecological/fuel variables,Eastern Siberia,0.43708031471527614,0.8972399014935875,0.5878137702719691,0.002308487480888781,0.5992765242853071,0.005415929501470521,0.005129057964976758,0.030927650467159173
CatBoost no fuel/ecoregion/vegetation,ablation_no_fuel_ecoregion_vegetation,CatBoost,full minus ecological/fuel variables,Far East,0.30286168521462636,0.6195121951219512,0.406833956219968,0.0012886777820186601,0.3282229454490626,0.0033843070448662665,0.013824726414762567,0.020786172900527866
CatBoost no fuel/ecoregion/vegetation,ablation_no_fuel_ecoregion_vegetation,CatBoost,full minus ecological/fuel variables,Central Asia,0.11321444233299226,0.6188573711546145,0.19141180105035527,0.006383999100395757,0.14686819080143768,0.012361284948347689,0.02816279145019293,0.009866165578687386
CatBoost no fuel/ecoregion/vegetation,ablation_no_fuel_ecoregion_vegetation,CatBoost,full minus ecological/fuel variables,Europe,0.19572192513368983,0.25702247191011235,0.2222222222222222,0.0027725825483959706,0.19517268118817874,0.004727574972320522,0.05515004055150041,0.009766208356639022
CatBoost no terrain,ablation_no_terrain,CatBoost,full minus topography,Global,0.3916678073485989,0.8090439067738417,0.5278143775693054,0.0037426395663577566,0.5466730422677655,0.003010852497219617,-0.00202265109479971,-0.0003941317052355009
CatBoost no terrain,ablation_no_terrain,CatBoost,full minus topography,Eastern Siberia,0.4439348951451179,0.9133271500303835,0.5974642760005858,0.001494585148024638,0.6324203473350982,0.005031061748344111,-0.004521447763639941,-0.002216172582631959
CatBoost no terrain,ablation_no_terrain,CatBoost,full minus topography,Far East,0.30763444904099285,0.6650406504065041,0.42067369503728463,0.0035229839628565527,0.3484659855817594,0.007375644229557695,-1.5012402554082094e-05,0.0005431327678310782
CatBoost no terrain,ablation_no_terrain,CatBoost,full minus topography,Central Asia,0.13494265630780614,0.5829005193767479,0.21915133308298912,0.007764057718524817,0.15507030856500845,0.015203345687638994,0.0004232594175590798,0.001664047815116615
CatBoost no terrain,ablation_no_terrain,CatBoost,full minus topography,Europe,0.21604614577871,0.2893258426966292,0.247373161212849,0.007347938650997811,0.197803374389586,0.003906497589158289,0.029999101560873626,0.007135515155231753
CatBoost no seasonality,ablation_no_seasonality,CatBoost,full minus month/day-of-year features,Global,0.3830317446832611,0.8195257906854627,0.5220613304342792,0.003370385839599441,0.5481389991511768,0.0037575229946084504,0.0037303960402265135,-0.0018600885886468355
CatBoost no seasonality,ablation_no_seasonality,CatBoost,full minus month/day-of-year features,Eastern Siberia,0.43762303712859957,0.9171650622061599,0.5925244844828299,0.0018823120383671982,0.6325588974970184,0.004490200003735136,0.00041834375411597957,-0.0023547227445521735
CatBoost no seasonality,ablation_no_seasonality,CatBoost,full minus month/day-of-year features,Far East,0.3068264342774147,0.6869918699186992,0.4241967871485944,0.0031064606721634648,0.3544115727092763,0.004778911805424136,-0.0035381045138638267,-0.005402454359685838
CatBoost no seasonality,ablation_no_seasonality,CatBoost,full minus month/day-of-year features,Central Asia,0.13135488137554766,0.6348381941669996,0.21767123287671233,0.007732351428995938,0.15777984040198767,0.014462477283994768,0.0019033596238358652,-0.0010454840218626082
CatBoost no seasonality,ablation_no_seasonality,CatBoost,full minus month/day-of-year features,Europe,0.22045028142589118,0.3300561797752809,0.2643419572553431,0.004830866584299524,0.1987375467299493,0.0026477766411983268,0.013030305518379526,0.006201342814868449
CatBoost no history,ablation_no_history,CatBoost,full minus prior-fire/proximity features,Global,0.2764004781973409,0.924546592882821,0.4255726610144281,0.004328360288395148,0.470805337061619,0.0018166363241608134,0.10021906546007758,0.075473573500911
CatBoost no history,ablation_no_history,CatBoost,full minus prior-fire/proximity features,Eastern Siberia,0.3457723736079346,0.9622285476700675,0.508733661374051,0.001475567228381043,0.5414709512136593,0.013088933870126041,0.08420916686289492,0.08873322353880697
CatBoost no history,ablation_no_history,CatBoost,full minus prior-fire/proximity features,Far East,0.22782651072124757,0.7601626016260162,0.3505811773528309,0.0011253012167255262,0.2916176438250258,0.00437709776718332,0.07007750528189965,0.05739147452456467
CatBoost no history,ablation_no_history,CatBoost,full minus prior-fire/proximity features,Central Asia,0.08635761589403973,0.9117059528565721,0.15777101769911506,0.0007500165985423312,0.09378781399237739,0.0021654950788104065,0.06180357480143314,0.06294654238774768
CatBoost no history,ablation_no_history,CatBoost,full minus prior-fire/proximity features,Europe,0.1497217214078545,0.6706460674157303,0.24479333546940082,0.001123924617045711,0.15236770835840102,0.0013255825403743554,0.0325789273043218,0.05257118118641674
CatBoost no temporal-history/weather lags,ablation_no_temporal_history,CatBoost,full minus lagged meteorology,Global,0.3598989741649792,0.6532899785919134,0.46411558769513317,0.0005163792074536182,0.46262004328022854,0.0020435396035172193,0.0616761387793725,0.08365886728230143
CatBoost no temporal-history/weather lags,ablation_no_temporal_history,CatBoost,full minus lagged meteorology,Eastern Siberia,0.4100117631682133,0.8026353663606998,0.5427629088942958,0.003883735138143583,0.5522077407883019,0.0030410693049097133,0.05017991934265009,0.07799643396416434
CatBoost no temporal-history/weather lags,ablation_no_temporal_history,CatBoost,full minus lagged meteorology,Far East,0.3406265539532571,0.556910569105691,0.4227090404196236,0.0009663994288208286,0.3167259926257294,0.003233134100570437,-0.002050357784893042,0.03228312572386105
CatBoost no temporal-history/weather lags,ablation_no_temporal_history,CatBoost,full minus lagged meteorology,Central Asia,0.13251067869008068,0.5577307231322413,0.21414327350820678,0.005017361176145834,0.17970846127307485,0.013145934120436683,0.005431318992341422,-0.022974104892949793
CatBoost no temporal-history/weather lags,ablation_no_temporal_history,CatBoost,full minus lagged meteorology,Europe,0.22656826568265684,0.21558988764044945,0.2209427851745232,0.007229096541656307,0.18531452675349797,0.005480709897458718,0.05642947759919942,0.019624362791319794
CatBoost <=30d climate windows,ablation_shorter_sequence_30d,CatBoost,full minus >30-day weather-history windows,Global,0.3660819972021952,0.8244940824817223,0.5070359560330373,0.006878365212088916,0.5166572773104353,0.005914483515526945,0.018755770441468367,0.02962163325209466
CatBoost <=30d climate windows,ablation_shorter_sequence_30d,CatBoost,full minus >30-day weather-history windows,Eastern Siberia,0.42975568507836803,0.9102568202897624,0.5838573025755696,0.0023257890887511965,0.5946060690955253,0.006921891598592946,0.009085525661376326,0.03559810565694099
CatBoost <=30d climate windows,ablation_shorter_sequence_30d,CatBoost,full minus >30-day weather-history windows,Far East,0.2951388888888889,0.6910569105691057,0.41362530413625304,0.006260624094500255,0.34861065778123246,0.010372445857168924,0.007033378498477516,0.0003984605683580167
CatBoost <=30d climate windows,ablation_shorter_sequence_30d,CatBoost,full minus >30-day weather-history windows,Central Asia,0.12377761061341722,0.7231322413104275,0.21137451827630505,0.004445060539375957,0.1965134357424141,0.020571489254190663,0.008200074224243153,-0.03977907936228903
CatBoost <=30d climate windows,ablation_shorter_sequence_30d,CatBoost,full minus >30-day weather-history windows,Europe,0.2166009260847196,0.4434691011235955,0.29104735568613893,0.004833205812207466,0.20726945727824353,0.0009309364147719799,-0.013675092912416309,-0.00233056773342577
CatBoost no sine/cos seasonality,ablation_no_periodic_seasonality,CatBoost,full minus periodic seasonality encodings,Global,0.3866930421881538,0.8211818879508825,0.5257917264745057,0.004048385807888288,0.54627891056253,0.003915456891489145,0.0,0.0
CatBoost no sine/cos seasonality,ablation_no_periodic_seasonality,CatBoost,full minus periodic seasonality encodings,Eastern Siberia,0.43778106373572767,0.9184763488662168,0.5929428282369459,0.0014751799720204705,0.6302041747524663,0.003880753966746449,0.0,0.0
CatBoost no sine/cos seasonality,ablation_no_periodic_seasonality,CatBoost,full minus periodic seasonality encodings,Far East,0.30345572354211664,0.6853658536585366,0.42065868263473055,0.0033251134286332884,0.3490091183495905,0.007318459658032298,0.0,0.0
CatBoost no sine/cos seasonality,ablation_no_periodic_seasonality,CatBoost,full minus periodic seasonality encodings,Central Asia,0.1343710860619073,0.600079904115062,0.2195745925005482,0.007330577037581582,0.15673435638012506,0.015828456774160428,0.0,0.0
CatBoost no sine/cos seasonality,ablation_no_periodic_seasonality,CatBoost,full minus periodic seasonality encodings,Europe,0.22818944029005211,0.3535814606741573,0.2773722627737226,0.0076026807475035535,0.20493888954481776,0.0033182762815813617,0.0,0.0
CatBoost no Gaussian-smoothed anthropogenic rasters,ablation_no_gaussian_smoothing,CatBoost,full minus Gaussian road/light/population rasters,Global,0.3750340025025842,0.835339499939411,0.5176595744680851,0.004370319276837656,0.5428270136200537,0.0035001610356213972,0.00813215200642059,0.0034518969424762735
CatBoost no Gaussian-smoothed anthropogenic rasters,ablation_no_gaussian_smoothing,CatBoost,full minus Gaussian road/light/population rasters,Eastern Siberia,0.4296888941764321,0.9241052867240221,0.5866146927754261,0.0024088944117354257,0.6276473050692424,0.0035992887337654485,0.006328135461519779,0.0025568696832238835
CatBoost no Gaussian-smoothed anthropogenic rasters,ablation_no_gaussian_smoothing,CatBoost,full minus Gaussian road/light/population rasters,Far East,0.296831955922865,0.7008130081300813,0.417029511369134,0.00441805091830512,0.35000918464596303,0.006565245223683463,0.0036291712655965314,-0.0010000662963725593
CatBoost no Gaussian-smoothed anthropogenic rasters,ablation_no_gaussian_smoothing,CatBoost,full minus Gaussian road/light/population rasters,Central Asia,0.12860956078621694,0.6352377147423093,0.21391093771021122,0.005445237561415022,0.15432802454983582,0.013988597922220555,0.0056636547903369805,0.002406331830289238
CatBoost no Gaussian-smoothed anthropogenic rasters,ablation_no_gaussian_smoothing,CatBoost,full minus Gaussian road/light/population rasters,Europe,0.23538409245411285,0.4863061797752809,0.3172240036646816,0.00325122965865323,0.21170025810456564,0.0066175908419405976,-0.039851740890959,-0.006761368559747877
CatBoost static only,ablation_static_only,CatBoost,static non-weather features,Global,0.3354609106030714,0.7005695358888395,0.45368105782183915,0.0017516273748786823,0.4475095859880401,0.005492582962707419,0.07211066865266652,0.09876932457448989
CatBoost static only,ablation_static_only,CatBoost,static non-weather features,Eastern Siberia,0.3829433117637775,0.853615633095596,0.528703300186205,0.0003876835700419588,0.5409341884909721,0.0014124004223235636,0.06423952805074085,0.08926998626149418
CatBoost static only,ablation_static_only,CatBoost,static non-weather features,Far East,0.21053864168618266,0.7308943089430894,0.3269090909090909,0.000690662711220836,0.23839487321822866,0.0013798833675841577,0.09374959172563962,0.11061424513136181
CatBoost static only,ablation_static_only,CatBoost,static non-weather features,Central Asia,0.16184448462929477,0.42908509788254096,0.23503665608928767,0.008091221725398686,0.17538467827801327,0.016963510789956865,-0.015462063588739472,-0.018650321897888206
CatBoost static only,ablation_static_only,CatBoost,static non-weather features,Europe,0.21428571428571427,0.22015449438202248,0.2171804641496363,0.0008957696506943222,0.1467165533129345,0.00636375300005334,0.06019179862408633,0.05822233623188325
CatBoost dynamic weather+FWI only,ablation_dynamic_weather_fwi_only,CatBoost,meteorology plus fire-weather variables,Global,0.26762073061212666,0.9328674718261502,0.41592191221427316,7.561799812875535e-06,0.48220962013270774,0.0022182071167536647,0.10986981426023251,0.06406929042982223
CatBoost dynamic weather+FWI only,ablation_dynamic_weather_fwi_only,CatBoost,meteorology plus fire-weather variables,Eastern Siberia,0.3483286365615048,0.9724949627402693,0.512934270122553,0.0032090447135857013,0.5649907154698324,0.011030922318412734,0.08000855811439289,0.06521345928263389
CatBoost dynamic weather+FWI only,ablation_dynamic_weather_fwi_only,CatBoost,meteorology plus fire-weather variables,Far East,0.21089354040063021,0.7617886178861789,0.33033668253128856,0.0037776736302792004,0.29171372189096745,0.0030280309237576625,0.09032200010344199,0.05729539645862303
CatBoost dynamic weather+FWI only,ablation_dynamic_weather_fwi_only,CatBoost,meteorology plus fire-weather variables,Central Asia,0.07613600028422211,0.8561725928885338,0.139836867862969,0.0024320719316417894,0.08600611580265748,0.0009067814785393791,0.0797377246375792,0.07072824057746759
CatBoost dynamic weather+FWI only,ablation_dynamic_weather_fwi_only,CatBoost,meteorology plus fire-weather variables,Europe,0.12657004830917876,0.7359550561797753,0.2159934047815334,0.0012881967242290692,0.15283672471405546,0.0021316821500071696,0.06137885799218923,0.0521021648307623
