model,feature_set,region_display,period,support,positives,positive_rate,precision,recall,f1,f1_error,average_precision,average_precision_error,roc_auc,brier_score,threshold
Random Forest,full features,Central Asia,2021,10197,903,0.0885554574874963,0.1507181173213358,0.964562569213732,0.2607003891050584,0.0007483119858149,0.322191797882862,0.0126853255676233,0.8002547398969696,0.1078112688798197,0.142286792397499
Random Forest,full features,Central Asia,2021-2023,29340,2012,0.0685753237900477,0.1235237791254388,0.9617296222664016,0.2189285512247553,0.0009831998844811,0.3025368110043292,0.0032076292933888,0.8405144277048483,0.0927210709482804,0.142286792397499
Random Forest,full features,Central Asia,2021-2025,45961,2503,0.0544592154217706,0.1018340387328459,0.951658010387535,0.1839808449833938,0.001239396444362,0.2600870587929137,0.0220253749386936,0.8402359986369708,0.0849722003502684,0.142286792397499
Random Forest,full features,Central Asia,2022,9862,698,0.0707767187183127,0.1318296713980167,0.97134670487106,0.2321520287621982,0.0037145311706641,0.3250025495352026,0.0106715627115409,0.8649929210977552,0.0889203070145715,0.142286792397499
Random Forest,full features,Central Asia,2023,9281,411,0.0442840211184139,0.0813830908707569,0.9391727493917276,0.1497865735351183,0.004415690549429,0.262767348167273,0.0462710553802515,0.8622140021999304,0.0801802225059068,0.142286792397499
Random Forest,full features,Central Asia,2024,9003,187,0.0207708541597245,0.0453179769654481,0.9679144385026738,0.0865821573786175,0.0002094122951731,0.1765739128320115,0.0269543679654797,0.888543678484428,0.0656222945949254,0.142286792397499
Random Forest,full features,Central Asia,2025,7618,304,0.0399054870044631,0.0712754555198285,0.875,0.1318136769078295,0.001150150936828,0.1227326372224926,0.0024740330533495,0.7653990004749363,0.0779960042580765,0.142286792397499
Random Forest,full features,Eastern Siberia,2021,44639,19789,0.4433119021483456,0.5468413902411412,0.976350497751276,0.7010395312131492,0.0014991119672585,0.7004297287535156,0.005853755004404,0.7831094444782801,0.189597295760403,0.142286792397499
Random Forest,full features,Eastern Siberia,2021-2023,82438,22636,0.2745821101919018,0.4108884886687678,0.9675737762855628,0.5768238082696866,0.0016691192517372,0.5942075844283871,0.0018735238191761,0.831821199435075,0.1470705610558784,0.142286792397499
Random Forest,full features,Eastern Siberia,2021-2025,128260,31267,0.2437782629034773,0.3756322711178553,0.9500431765119774,0.5383925253971562,0.0001297240874716,0.5355128063639194,0.001038295376391,0.8219354830798014,0.1444817957661291,0.142286792397499
Random Forest,full features,Eastern Siberia,2022,18946,1456,0.076849994721841,0.1643344097595981,0.9436813186813188,0.2799225832739126,0.0016929546704257,0.1985030662435299,0.000888735637343,0.8218394223700828,0.0933086858791323,0.142286792397499
Random Forest,full features,Eastern Siberia,2023,18853,1391,0.0737813610565957,0.125585266881698,0.8677210639827462,0.2194146518814761,0.0001327966249396,0.2239896601316344,0.0003889110956799,0.8019762703789541,0.1004053924685638,0.142286792397499
Random Forest,full features,Eastern Siberia,2024,26660,6189,0.232145536384096,0.3267797017797018,0.8781709484569398,0.4763156741597651,0.0003708989977899,0.3664127744522575,0.0022042540200939,0.7236246359456325,0.1704527830670407,0.142286792397499
Random Forest,full features,Eastern Siberia,2025,19162,2442,0.1274397244546498,0.2589676290463692,0.9696969696969696,0.40876920421198,0.0015202918088138,0.4826943373694198,0.0074328033906348,0.9009435163741384,0.0972112000872517,0.142286792397499
Random Forest,full features,Europe,2021,11926,847,0.0710212980043602,0.1751541447819136,0.9055489964580874,0.2935323383084577,0.0007494808210803,0.2617353203230461,0.0088237850254623,0.8535629006790665,0.0656865163943455,0.142286792397499
Random Forest,full features,Europe,2021-2023,32712,1723,0.052671802396674,0.150351333140822,0.9065583284968078,0.2579260237780713,0.0033817379985859,0.2912602871184758,0.0246424551447437,0.8861312011056213,0.0513252464823912,0.142286792397499
Random Forest,full features,Europe,2021-2025,52062,2848,0.0547040067611693,0.1513753221070294,0.886938202247191,0.2586127463527002,0.0012446304011633,0.283498885068607,0.0092205115677322,0.873528201102226,0.0531135798768479,0.142286792397499
Random Forest,full features,Europe,2022,10330,382,0.0369796708615682,0.1157858136300417,0.8717277486910995,0.2044198895027624,0.0133457929365409,0.2422882164421798,0.0367804640460084,0.8861664424641644,0.0414256463034493,0.142286792397499
Random Forest,full features,Europe,2023,10456,494,0.0472456006120887,0.1474154435226547,0.9352226720647774,0.2546857772877618,0.0044154369923788,0.3804164510274716,0.0033951896271105,0.9211034319076458,0.0447252431234111,0.142286792397499
Random Forest,full features,Europe,2024,10472,493,0.047077922077922,0.1218499851764008,0.8336713995943205,0.2126228660113812,0.0053602212093978,0.2668342628525558,0.0056401592966927,0.8508104341632642,0.0497812063792616,0.142286792397499
Random Forest,full features,Europe,2025,8878,632,0.0711872043252984,0.189059829059829,0.875,0.310936182175991,0.0064900666852995,0.2878226850424091,0.0015508957248521,0.8549009761541461,0.0636335818216764,0.142286792397499
Random Forest,full features,Far East,2021,2141,270,0.1261092947220924,0.2216264521894548,0.9185185185185184,0.3570914326853852,0.0097248862386316,0.5743473309362925,0.0841743863452767,0.8818437357721164,0.0990572025645372,0.142286792397499
Random Forest,full features,Far East,2021-2023,6484,795,0.1226095003084515,0.2048766816143497,0.919496855345912,0.3350905340362136,0.0014024370534762,0.4487886322387028,0.0016147311491369,0.8462890428510941,0.1066654228614526,0.142286792397499
Random Forest,full features,Far East,2021-2025,10457,1230,0.117624557712537,0.2066189624329159,0.9390243902439024,0.3387096774193548,0.0039188710355098,0.4260834378102696,0.0107081040788806,0.8510371206454017,0.1055466600815193,0.142286792397499
Random Forest,full features,Far East,2022,2076,192,0.0924855491329479,0.1656495204882301,0.9895833333333334,0.2837938760268857,0.006803228358798,0.3748814170609267,0.0790041427205175,0.8704745001769285,0.0933361729123056,0.142286792397499
Random Forest,full features,Far East,2023,2267,333,0.1468901632112924,0.2250384024577573,0.8798798798798799,0.3584097859327217,0.0009483694122903,0.3637271138098424,0.0478737736179447,0.7950830872237283,0.1260570075769909,0.142286792397499
Random Forest,full features,Far East,2024,2229,298,0.1336922386720502,0.2169312169312169,0.9630872483221476,0.3541024059222702,0.0048170290075229,0.3413670839649015,0.0133358191993385,0.8061963234961891,0.1297490414794176,0.142286792397499
Random Forest,full features,Far East,2025,1744,137,0.0785550458715596,0.1959942775393419,1.0,0.3277511961722488,0.0081622355803426,0.4995799047914057,0.0535272983803417,0.9281110470160202,0.0704542483836966,0.142286792397499
Random Forest,full features,Global,2021,87238,24772,0.2839588252825603,0.4324664806982813,0.9700468270628128,0.5982299563090482,0.000646486214474,0.6308621977354497,0.0037597497293814,0.8390364842892424,0.1447387642897224,0.142286792397499
Random Forest,full features,Global,2021-2023,206438,36593,0.1772590317674071,0.3196477973548037,0.9504003497936764,0.478396632598319,0.0038434257278248,0.5198908112022544,0.0051291229265838,0.8559952465641798,0.1133033149833779,0.142286792397499
Random Forest,full features,Global,2021-2025,321173,49514,0.154166134762262,0.2883721516911686,0.9234559922446176,0.4394995986985336,0.0018844488280163,0.4641516874933861,0.0022198118105815,0.8474137431890454,0.1080016662923468,0.142286792397499
Random Forest,full features,Global,2022,58312,4923,0.0844251612018109,0.1882058762242133,0.9173268332317692,0.3123314198768933,0.0020908208860621,0.2812119272721224,0.0066326863318081,0.8448258246390734,0.0828497208345808,0.142286792397499
Random Forest,full features,Global,2023,60888,6898,0.1132899750361319,0.2131254061078622,0.9034502754421572,0.3448905614433161,0.001064625964886,0.3823988311085467,0.0051476105889371,0.8396938446500971,0.0974289925457513,0.142286792397499
Random Forest,full features,Global,2024,65063,9134,0.1403870095138558,0.2468241365621278,0.8168381869936501,0.3790965906203953,0.00438690622943,0.2950342939735677,0.007396629544966,0.7758673604613107,0.1180535773864222,0.142286792397499
Random Forest,full features,Global,2025,49672,3787,0.0762401352874859,0.1784434203789042,0.9202534988117244,0.2989235321868165,0.0016095476852267,0.4000515015126978,0.0011123780331168,0.888188332854386,0.0728013674520965,0.142286792397499
