Model,Feature set,Region,support,positives,precision,recall,f1,F1 error,PR-AUC,PR-AUC error,ROC-AUC,Brier,threshold,evaluation_type,is_primary
Spatial climate TSN-MLP (global full),global full NN features,Central Asia,45961,2503,0.225121738,0.7203355973000001,0.3430365297,0.0032737862,0.4225040541,0.0075652943,0.8843350334000001,0.0833519808,0.4269461036,legacy_sampled_case_control,0.0
Spatial climate TSN-MLP no tp (ERA5 global full),global full NN features,Central Asia,45961,2503,0.2116448971,0.76388334,0.3314553177,0.0033569445,0.4131920543,0.0076742382,0.881472322,0.076827434,0.3871046007,legacy_sampled_case_control,0.0
Spatial climate TSN embedding fusion (global full),global full NN features,Central Asia,45961,2503,0.1992289375212609,0.7019576508190172,0.3103691927221339,0.001967708019284,0.3476963228300189,0.0017159422859667,0.8682853942658013,0.0904337971975786,0.4300945103168487,legacy_sampled_case_control,0.0
Spatial climate TSN-MLP (ECMWF global full),global full NN features,Central Asia,45961,2503,0.1064508978,0.9592489013,0.1916354059,0.0023326742,0.3232094781,0.0088966852,0.8579198404,0.1013412851,0.2851233482,legacy_sampled_case_control,0.0
TemporalConvNet embedding fusion (global full),global full NN features,Central Asia,45961,2503,0.1050514871613559,0.9496604075109868,0.18917628332670117,0.0012555559537962703,0.3118860141768509,0.015019436924427266,0.859819507492569,0.07612815655804271,0.16722270846366882,legacy_sampled_case_control,0.0
LSTM static concat (global full),global full NN features,Central Asia,45961,2503,0.1475588309,0.7039552537,0.2439767377,0.0011228251,0.287405016,0.0057449145,0.8368889405000001,0.0808714183,0.320505619,legacy_sampled_case_control,0.0
Random Forest,full features,Central Asia,45961,2503,0.1163064632,0.9073112265,0.2061827591,0.0018900239,0.2860911244,0.0076966947,0.848050488,0.0840581802,0.2174188197,,
TemporalConvNet / TSN-MLP (global full),global full NN features,Central Asia,45961,2503,0.0850968959,0.9912105473,0.1567376335,0.0005406984,0.2717018209,0.0046232494,0.8412475373,0.1117893551,0.1911493838,legacy_sampled_case_control,0.0
LSTM gated MoE (global full),global full NN features,Central Asia,45961,2503,0.1225475026,0.7910507391,0.2122186495,0.0021702051,0.2713345358,0.0095893014,0.8233672999999999,0.0867972471,0.2481723875,legacy_sampled_case_control,0.0
FT-Transformer (global full),global full NN features,Central Asia,45961,2503,0.1147462496,0.8617658809000001,0.202525703,0.0015450582,0.267286085,0.0090822759,0.8312075902,0.0797604713,0.1592247635,legacy_sampled_case_control,0.0
Minimal MLP (global full),global full NN features,Central Asia,45961,2503,0.1562245728,0.6903715541000001,0.2547920967,0.0061765621,0.2618807825,0.0114192879,0.8329387587,0.0717160616,0.2953715026,legacy_sampled_case_control,0.0
LSTM attention (global full),global full NN features,Central Asia,45961,2503,0.1219526698,0.8194167,0.2123078516,0.0012142486,0.2473103799,0.0101776663,0.8209585563,0.0867464984,0.2067688853,legacy_sampled_case_control,0.0
LSTM embedding fusion (global full),global full NN features,Central Asia,45961,2503,0.1348329651201714,0.8046344386735917,0.2309633027522935,0.0030274953064658,0.2111657531790085,0.0083609006046627,0.8290847062497805,0.0832440617877657,0.2341229170560836,legacy_sampled_case_control,0.0
CatBoost,all features,Central Asia,45961,2503,0.1467412642,0.5972832601,0.2356000315,0.0022979172,0.1788763558,0.0090977183,0.8067160357000001,0.1375345245,0.497643269,,
Poisson Point-Process GLM,full features,Central Asia,45961,2503,0.0958384404,0.6560127847,0.1672438378,0.001254819,0.1224137238,0.004679516,0.7351574218,0.1014906819,0.32268098,,
Logistic Regression (linear SGD),full features,Central Asia,45961,2503,0.0831200663,0.9212944467,0.152482973,0.0008694588,0.0827784534,0.0004954553,0.6797795106,0.5720747204000001,1.0,,
FWI-only CatBoost,fire-weather variables only,Central Asia,45961,2503,0.0663224673,0.9648421894,0.1241134752,0.0006598984,0.0742887811,0.0012931297,0.6280096449,0.2304355329,0.464663872,,
CatBoost deployment-weighted,all features,Central Asia,45961,2503,0.0604675385,0.8349980024,0.1127687701,0.0008474273,0.07192057,0.002338688,0.5814541396,0.2155573374,0.4626545382,,
Weather-only CatBoost,meteorology/history features only,Central Asia,45961,2503,0.075025871,0.5213743508,0.1311755541,0.002624325,0.0697768633,0.0009542788,0.6203237463,0.2453696427,0.500519092,,
Spatial climate TSN-MLP (global full),global full NN features,Eastern Siberia,128260,31267,0.6059882398,0.8602680142,0.7110793877,0.0021135328,0.7548509283,0.0039425333,0.9070124913,0.1122696509,0.4269461036,legacy_sampled_case_control,0.0
Spatial climate TSN embedding fusion (global full),global full NN features,Eastern Siberia,128260,31267,0.6091736338860917,0.8435730962356478,0.7074632870649769,0.0028650485869397,0.7512979664378169,0.0040477081542588,0.9073429918877258,0.1119944618230747,0.4300945103168487,legacy_sampled_case_control,0.0
Spatial climate TSN-MLP no tp (ERA5 global full),global full NN features,Eastern Siberia,128260,31267,0.6125011802,0.8298845428,0.7048118320000001,0.0021334231,0.7377589551,0.0049802623,0.8977174990000001,0.1090934916,0.3871046007,legacy_sampled_case_control,0.0
CatBoost,all features,Eastern Siberia,128260,31267,0.4505179807,0.9207471136,0.6050079333,0.0014771833,0.6469828931,0.0013074204,0.8645175461,0.1834811901,0.497643269,,
Random Forest,full features,Eastern Siberia,128260,31267,0.4100312674,0.9185083315,0.5669641094,0.0018696218,0.5931096458,0.0024987367,0.8377561582,0.1388286078,0.2174188197,,
Spatial climate TSN-MLP (ECMWF global full),global full NN features,Eastern Siberia,128260,31267,0.4013384622,0.8976236927000001,0.5546749936,0.0012632581,0.5823210295,0.0064422001,0.8264415811,0.1479240343,0.2851233482,legacy_sampled_case_control,0.0
LSTM gated MoE (global full),global full NN features,Eastern Siberia,128260,31267,0.4195290462,0.8894681293000001,0.5701428894,0.0030304897,0.5633756335,0.0058441147,0.822202934,0.1528839923,0.2481723875,legacy_sampled_case_control,0.0
Poisson Point-Process GLM,full features,Eastern Siberia,128260,31267,0.3946187731,0.9282950075,0.5538118089,0.0014962626,0.5400153233,0.0026534464,0.8183125342,0.1568220231,0.32268098,,
Minimal MLP (global full),global full NN features,Eastern Siberia,128260,31267,0.4218782965,0.8953529280000001,0.5735211268,0.0018398327,0.5300491311000001,0.0039840963,0.8129864016,0.1501650912,0.2953715026,legacy_sampled_case_control,0.0
TemporalConvNet / TSN-MLP (global full),global full NN features,Eastern Siberia,128260,31267,0.3410074729,0.9573991748,0.5028937178,0.0016809377,0.5262097103,0.0075661452,0.8099977035,0.1516935143,0.1911493838,legacy_sampled_case_control,0.0
LSTM attention (global full),global full NN features,Eastern Siberia,128260,31267,0.4034249071,0.8853103911,0.5542740434,0.0008440012,0.5196162065000001,0.0035530954,0.8061257486000001,0.1575162964,0.2067688853,legacy_sampled_case_control,0.0
LSTM embedding fusion (global full),global full NN features,Eastern Siberia,128260,31267,0.4153832091769114,0.8720695941407874,0.5627283046125271,0.0024685240301068,0.5151248459888028,0.0021513977947817,0.8095652892645935,0.1636447233299038,0.2341229170560836,legacy_sampled_case_control,0.0
FT-Transformer (global full),global full NN features,Eastern Siberia,128260,31267,0.3789336654,0.8564940672,0.5254122563,0.001951482,0.5020292125,0.005334378,0.7802978604,0.1655258664,0.1592247635,legacy_sampled_case_control,0.0
LSTM static concat (global full),global full NN features,Eastern Siberia,128260,31267,0.4422649208,0.8458438609000001,0.5808314849,0.0045802517,0.4874550147,0.0079950279,0.806922243,0.1563807126,0.320505619,legacy_sampled_case_control,0.0
TemporalConvNet embedding fusion (global full),global full NN features,Eastern Siberia,128260,31267,0.41265971456027334,0.7416445453673202,0.5302706349115606,0.0023995158881320727,0.4839611262942112,0.003957701937847636,0.773302308419417,0.15745550464098435,0.16722270846366882,legacy_sampled_case_control,0.0
Weather-only CatBoost,meteorology/history features only,Eastern Siberia,128260,31267,0.3922233002,0.8404068187,0.5348354399,0.0024275341,0.460139488,0.0033105398,0.7747588072,0.2459084163,0.500519092,,
FWI-only CatBoost,fire-weather variables only,Eastern Siberia,128260,31267,0.3031259546,0.9521220456,0.459850012,0.0008304399,0.401133351,0.0033844614,0.7265562358000001,0.2276295194,0.464663872,,
CatBoost deployment-weighted,all features,Eastern Siberia,128260,31267,0.286698498,0.9755652925,0.4431610986,0.0008385199,0.3383547421,0.0010898246,0.6657702409,0.2306006212,0.4626545382,,
Logistic Regression (linear SGD),full features,Eastern Siberia,128260,31267,0.3350847421,0.9851600729,0.5000771148,0.0008068882,0.3346261246,0.0007200868,0.6787397345,0.5074432872,1.0,,
TemporalConvNet / TSN-MLP (global full),global full NN features,Europe,52062,2848,0.1251896465,0.9561095506,0.2213911135,0.0006219961,0.337824421,0.0070626499,0.8887809733,0.0719218056,0.1911493838,legacy_sampled_case_control,0.0
LSTM static concat (global full),global full NN features,Europe,52062,2848,0.233527733,0.6608146067,0.3450994774,0.0017791189,0.3339792297,0.008320281,0.8879115225,0.053546997,0.320505619,legacy_sampled_case_control,0.0
Spatial climate TSN-MLP no tp (ERA5 global full),global full NN features,Europe,52062,2848,0.2306752748,0.4641853933,0.3081944283,0.0042255384,0.3335382537,0.0099327298,0.8473207031000001,0.0613729297,0.3871046007,legacy_sampled_case_control,0.0
Minimal MLP (global full),global full NN features,Europe,52062,2848,0.2458278915,0.5948033708,0.3478796591,0.0082578007,0.3130030218,0.004505359,0.8760016162,0.051072397,0.2953715026,legacy_sampled_case_control,0.0
LSTM attention (global full),global full NN features,Europe,52062,2848,0.2186541215,0.7507022472,0.3386662443,0.0031954826,0.3095481575,0.006882382,0.8872711861,0.0519249101,0.2067688853,legacy_sampled_case_control,0.0
Spatial climate TSN embedding fusion (global full),global full NN features,Europe,52062,2848,0.2636399840700916,0.4648876404494382,0.3364675984752223,0.0050318214869487,0.3041454352901959,0.0035596717498592,0.8735282653138803,0.0634104824603084,0.4300945103168487,legacy_sampled_case_control,0.0
Spatial climate TSN-MLP (ECMWF global full),global full NN features,Europe,52062,2848,0.1459894227,0.9304775281,0.2523809524,0.0004872582,0.3039434226,0.0126593653,0.8879430897,0.081285593,0.2851233482,legacy_sampled_case_control,0.0
Spatial climate TSN-MLP (global full),global full NN features,Europe,52062,2848,0.2224222586,0.4771769663,0.3034159411,0.0082383264,0.2990934134,0.0093641227,0.8432401737,0.0721472566,0.4269461036,legacy_sampled_case_control,0.0
LSTM gated MoE (global full),global full NN features,Europe,52062,2848,0.1940231936,0.7636938202,0.3094323517,0.002386561,0.2908173874,0.0092661709,0.8765131976,0.0581783875,0.2481723875,legacy_sampled_case_control,0.0
Random Forest,full features,Europe,52062,2848,0.1758107593,0.8089887640000001,0.2888484924,0.0021107201,0.2818226223,0.0078052413,0.8723631127,0.0556299536,0.2174188197,,
FT-Transformer (global full),global full NN features,Europe,52062,2848,0.1719093943,0.8500702247,0.2859842892,0.0026223121,0.2798939504,0.0092537673,0.8729766159000001,0.0588821765,0.1592247635,legacy_sampled_case_control,0.0
TemporalConvNet embedding fusion (global full),global full NN features,Europe,52062,2848,0.14630441133508618,0.8792134831460674,0.2508640985823774,0.0017964043384093467,0.2769070205453504,0.00599877371126897,0.8703860751405351,0.05845392481326615,0.16722270846366882,legacy_sampled_case_control,0.0
LSTM embedding fusion (global full),global full NN features,Europe,52062,2848,0.1965582843306814,0.7981039325842697,0.3154315847904524,0.0044572734135893,0.260339105066371,0.0059850140372314,0.8767318275595737,0.056720322600812,0.2341229170560836,legacy_sampled_case_control,0.0
CatBoost,all features,Europe,52062,2848,0.2597521799,0.3974719101,0.3141826256,0.0073770696,0.2311038606,0.0052965761,0.8591934986,0.0787450415,0.497643269,,
Poisson Point-Process GLM,full features,Europe,52062,2848,0.1598065344,0.5684691011,0.2494799291,0.0055583575,0.1940678664,0.0030640407,0.8253641593000001,0.0687382904,0.32268098,,
FWI-only CatBoost,fire-weather variables only,Europe,52062,2848,0.0773431508,0.8851825843000001,0.142256581,0.0017040881,0.1334646484,0.0031339557,0.7456447696,0.209899806,0.464663872,,
Logistic Regression (linear SGD),full features,Europe,52062,2848,0.1277942015,0.8651685393,0.2226942022,0.0015972549,0.1240243248,0.0008453903,0.7856575236000001,0.3549653571,1.0,,
Weather-only CatBoost,meteorology/history features only,Europe,52062,2848,0.1358392543,0.6242977528,0.2231285687,0.0015483231,0.1176132647,0.0007847845,0.745674892,0.2428314415,0.500519092,,
CatBoost deployment-weighted,all features,Europe,52062,2848,0.0721753895,0.8507724719,0.1330624125,0.0008367499,0.069493056,0.0006793293,0.6133911393,0.2139368653,0.4626545382,,
Spatial climate TSN-MLP (global full),global full NN features,Far East,10457,1230,0.4090719933,0.7991869919,0.5411505643,0.0092725346,0.6083816206,0.0117690428,0.9111895894,0.0956597985,0.4269461036,legacy_sampled_case_control,0.0
Spatial climate TSN-MLP no tp (ERA5 global full),global full NN features,Far East,10457,1230,0.4028688525,0.7991869919,0.5356948229,0.0056520239,0.5838076289,0.009021466,0.8996592714,0.0881366155,0.3871046007,legacy_sampled_case_control,0.0
Spatial climate TSN embedding fusion (global full),global full NN features,Far East,10457,1230,0.4579439252336448,0.7967479674796748,0.5816023738872403,0.0056461618431718,0.5565240462930294,0.0052729970268066,0.9129115594829948,0.0884275299022923,0.4300945103168487,legacy_sampled_case_control,0.0
Random Forest,full features,Far East,10457,1230,0.2436917481,0.8715447154,0.3808847042,0.0035075382,0.4432821033,0.0129461437,0.8537646233,0.1027110802,0.2174188197,,
LSTM embedding fusion (global full),global full NN features,Far East,10457,1230,0.3023529411764706,0.8357723577235773,0.444060475161987,0.0029974035158514,0.4277773091643477,0.0101138700791638,0.8664804863069765,0.0968075303286918,0.2341229170560836,legacy_sampled_case_control,0.0
TemporalConvNet / TSN-MLP (global full),global full NN features,Far East,10457,1230,0.176419214,0.9853658537,0.2992592593,0.0017372956,0.4220406744,0.0083748186,0.8766963516,0.1182854839,0.1911493838,legacy_sampled_case_control,0.0
LSTM gated MoE (global full),global full NN features,Far East,10457,1230,0.2588315217,0.9292682927,0.4048884166,0.0020012961,0.4097469277,0.0078864287,0.871061466,0.1137697781,0.2481723875,legacy_sampled_case_control,0.0
Spatial climate TSN-MLP (ECMWF global full),global full NN features,Far East,10457,1230,0.2240733808,0.9731707317,0.3642726719,0.0018620548,0.3995985128,0.0054224745,0.8768927529,0.1245059673,0.2851233482,legacy_sampled_case_control,0.0
FT-Transformer (global full),global full NN features,Far East,10457,1230,0.2169917479,0.9406504065,0.3526363913,0.0027274841,0.3927793698,0.0180135642,0.8547410789000001,0.1182839151,0.1592247635,legacy_sampled_case_control,0.0
LSTM static concat (global full),global full NN features,Far East,10457,1230,0.282626539,0.8398373984,0.4229273286,0.0033498998,0.3921855877,0.0175364391,0.8586953629,0.1189371976,0.320505619,legacy_sampled_case_control,0.0
Minimal MLP (global full),global full NN features,Far East,10457,1230,0.2627179365,0.8943089431000001,0.4061288536,0.0030156974,0.3911873374,0.0221426058,0.8606336476,0.1172295435,0.2953715026,legacy_sampled_case_control,0.0
LSTM attention (global full),global full NN features,Far East,10457,1230,0.2452132289,0.9162601626,0.3868863714,0.0028996956,0.3890085438,0.0096275238,0.8540750413,0.1129231015,0.2067688853,legacy_sampled_case_control,0.0
CatBoost,all features,Far East,10457,1230,0.3126614987,0.6886178862,0.4300583905,0.007529091,0.3748286968,0.0130579657,0.8387397449,0.1459205221,0.497643269,,
Poisson Point-Process GLM,full features,Far East,10457,1230,0.2421469206,0.7959349593,0.3713256211,0.0031946722,0.3506840672,0.0061283757,0.8049257173000001,0.1210585118,0.32268098,,
TemporalConvNet embedding fusion (global full),global full NN features,Far East,10457,1230,0.22368990905153746,0.8398373983739837,0.3532831737346101,0.0022326450698614683,0.32752958045712566,0.004604482467451698,0.8029126696924279,0.09813863409966307,0.16722270846366882,legacy_sampled_case_control,0.0
FWI-only CatBoost,fire-weather variables only,Far East,10457,1230,0.1763602251,0.8406504065,0.2915550543,0.0032365605,0.2932767477,0.0041822887,0.7423174829,0.2134775695,0.464663872,,
CatBoost deployment-weighted,all features,Far East,10457,1230,0.1527777778,0.912195122,0.2617214836,0.0013629158,0.239017155,0.0067407895,0.7074881864,0.2209926287,0.4626545382,,
Weather-only CatBoost,meteorology/history features only,Far East,10457,1230,0.2313341493,0.4609756098,0.3080684597,0.005045978,0.2082782965,0.0042032144,0.6995410694,0.2442261691,0.500519092,,
Logistic Regression (linear SGD),full features,Far East,10457,1230,0.1788507822,0.9666666667,0.3018532622,0.0011288084,0.1779513973,0.00087431,0.6896973446,0.563954308,1.0,,
Spatial climate TSN-MLP (global full),global full NN features,Global,321173,49514,0.5204029454,0.8221513107,0.6373671108,0.0028076675,0.6915402662,0.0026667909,0.9151716112,0.0926744533,0.4269461036,legacy_sampled_case_control,0.0
Spatial climate TSN embedding fusion (global full),global full NN features,Global,321173,49514,0.5260982320340165,0.8071252575029285,0.6369932338197438,0.0038155537609292,0.6842151142154513,0.0055977531835025,0.9173283276188284,0.091563874291233,0.4300945103168487,legacy_sampled_case_control,0.0
Spatial climate TSN-MLP no tp (ERA5 global full),global full NN features,Global,321173,49514,0.5186339879,0.7996122309,0.629178486,0.0051908666,0.6712284232,0.0052494319,0.9071885802,0.0869476483,0.3871046007,legacy_sampled_case_control,0.0
CatBoost,all features,Global,321173,49514,0.399622775,0.8215858141,0.5377040513,0.0031623893,0.5620243065,0.0069958366,0.8765072244000001,0.1444730512,0.497643269,,
Random Forest,full features,Global,321173,49514,0.3244318645,0.8842953508,0.4747036152,0.0011276203,0.5107925824,0.0050997317,0.8590458423,0.1054641811,0.2174188197,,
Spatial climate TSN-MLP (ECMWF global full),global full NN features,Global,321173,49514,0.3023630655,0.8713899099,0.4489464648,0.0020098685,0.4981894773,0.006011489,0.8456781622,0.1185037453,0.2851233482,legacy_sampled_case_control,0.0
LSTM gated MoE (global full),global full NN features,Global,321173,49514,0.337275942,0.8379448237,0.4809626208,0.0021216406,0.4904584759,0.0095248928,0.8499677015,0.114308621,0.2481723875,legacy_sampled_case_control,0.0
Minimal MLP (global full),global full NN features,Global,321173,49514,0.3672254539,0.8198085390000001,0.5072383178000001,0.002736429,0.470318565,0.0030816157,0.8518846384000001,0.1088568329,0.2953715026,legacy_sampled_case_control,0.0
Poisson Point-Process GLM,full features,Global,321173,49514,0.3162600462,0.8479823888,0.4606994925,0.0021505428,0.4600933589,0.0037491662,0.8382630132000001,0.1223039789,0.32268098,,
LSTM embedding fusion (global full),global full NN features,Global,321173,49514,0.349507182778608,0.8171426263279072,0.4896023040108424,0.0026747345770271,0.4515758303763811,0.0018488776876774,0.844086084329938,0.1167445314414454,0.2341229170560836,legacy_sampled_case_control,0.0
TemporalConvNet / TSN-MLP (global full),global full NN features,Global,321173,49514,0.2482469117,0.9387647938,0.3926590779,0.0010940589,0.449225184,0.0055816101,0.82967642,0.1210734064,0.1911493838,legacy_sampled_case_control,0.0
LSTM attention (global full),global full NN features,Global,321173,49514,0.3271813269,0.8399442582000001,0.4709246038,0.0022937606,0.4464965735,0.0032362593,0.8399825372,0.116960317,0.2067688853,legacy_sampled_case_control,0.0
LSTM static concat (global full),global full NN features,Global,321173,49514,0.3750715597,0.7674597084,0.5038852203,0.0006942992,0.4374845872,0.0030066256,0.8468918107000001,0.1140702047,0.320505619,legacy_sampled_case_control,0.0
FT-Transformer (global full),global full NN features,Global,321173,49514,0.2989294697,0.8329563356,0.4399652235,0.0028406258,0.4234355108,0.0029444558,0.8143480561,0.1217480281,0.1592247635,legacy_sampled_case_control,0.0
TemporalConvNet embedding fusion (global full),global full NN features,Global,321173,49514,0.29154555373249935,0.7069717655612554,0.4128410612037905,0.0014246544162702607,0.3727605616210954,0.005861462113608074,0.7737681881194544,0.11465919161761504,0.16722270846366882,legacy_sampled_case_control,0.0
Weather-only CatBoost,meteorology/history features only,Global,321173,49514,0.2879690771,0.794441976,0.422713205,0.0012598878,0.3422214798,0.0044286229,0.7776144578,0.2447989231,0.500519092,,
FWI-only CatBoost,fire-weather variables only,Global,321173,49514,0.2063773763,0.9370885002,0.3382590946,0.0015819335,0.3127228753,0.0053764857,0.7253525528,0.2201725463,0.464663872,,
Logistic Regression (linear SGD),full features,Global,321173,49514,0.2512035381,0.9590014945,0.3981219083,0.0016730994,0.2500310192,0.0012731445,0.7246138571,0.4742888602,1.0,,
CatBoost deployment-weighted,all features,Global,321173,49514,0.1982724493,0.9508219897,0.3281223864,0.0006813206,0.2408301295,0.0018228832,0.6889189202,0.2227068222,0.4626545382,,
